小红书,聊天社交,com.xingin.xhs
蜂利器,聊天社交,com.blibee.sharp.android
皮皮鸭,聊天社交,com.suhua.ppegg
欢遇,聊天社交,com.demeter.eggplant
论否,聊天社交,tech.nani.www.nani
海投排行,聊天社交,com.rabbit.waihui
全民吃瓜,聊天社交,com.dianyou.app.market.dyclient
幸识,聊天社交,com.cijianlink.cjlk
侃侃,聊天社交,com.zone.ormosia
全民集卡,聊天社交,cn.quanminjika
恋爱脱单话术,聊天社交,com.szyzkj.lianailianmeng
未来社交,聊天社交,com.revome.app
章鱼部落,聊天社交,com.zhangyutv.sns
云家园,聊天社交,com.licheng.cloud
信聊,聊天社交,com.dym.xuliao
贴吧一键签到大师,聊天社交,com.baidutieba.davy
囍上媒捎,聊天社交,com.example.marry
族记,聊天社交,com.zujifamily
达州微帮,聊天社交,net.dazhouweibang
伊对,聊天社交,me.yidui
密码酷,聊天社交,net.ask123.mima96
金融库,聊天社交,com.jinrongcool.app
SUGAR苏格,聊天社交,club.sugar5.app
来信,聊天社交,com.laixin.app
牵媒视频相亲交友,聊天社交,com.hm.blinddate
推推,聊天社交,com.hainan.tuitui
GUGU,聊天社交,com.zykj.gugu
集加,聊天社交,com.okjijia.app
箩筐,聊天社交,com.cmmobi.railwifi
脸疼,聊天社交,com.stonecutter.faceteng
小红书,聊天社交,com.xingin.xhs
蜂利器,聊天社交,com.blibee.sharp.android
皮皮鸭,聊天社交,com.suhua.ppegg
欢遇,聊天社交,com.demeter.eggplant
论否,聊天社交,tech.nani.www.nani
海投排行,聊天社交,com.rabbit.waihui
全民吃瓜,聊天社交,com.dianyou.app.market.dyclient
幸识,聊天社交,com.cijianlink.cjlk
侃侃,聊天社交,com.zone.ormosia
全民集卡,聊天社交,cn.quanminjika
恋爱脱单话术,聊天社交,com.szyzkj.lianailianmeng
未来社交,聊天社交,com.revome.app
章鱼部落,聊天社交,com.zhangyutv.sns
云家园,聊天社交,com.licheng.cloud
信聊,聊天社交,com.dym.xuliao
贴吧一键签到大师,聊天社交,com.baidutieba.davy
囍上媒捎,聊天社交,com.example.marry
族记,聊天社交,com.zujifamily
达州微帮,聊天社交,net.dazhouweibang
伊对,聊天社交,me.yidui
密码酷,聊天社交,net.ask123.mima96
金融库,聊天社交,com.jinrongcool.app
SUGAR苏格,聊天社交,club.sugar5.app
来信,聊天社交,com.laixin.app
牵媒视频相亲交友,聊天社交,com.hm.blinddate
推推,聊天社交,com.hainan.tuitui
GUGU,聊天社交,com.zykj.gugu
集加,聊天社交,com.okjijia.app
箩筐,聊天社交,com.cmmobi.railwifi
脸疼,聊天社交,com.stonecutter.faceteng
小红书,聊天社交,com.xingin.xhs
蜂利器,聊天社交,com.blibee.sharp.android
皮皮鸭,聊天社交,com.suhua.ppegg
欢遇,聊天社交,com.demeter.eggplant
论否,聊天社交,tech.nani.www.nani
海投排行,聊天社交,com.rabbit.waihui
全民吃瓜,聊天社交,com.dianyou.app.market.dyclient
幸识,聊天社交,com.cijianlink.cjlk
侃侃,聊天社交,com.zone.ormosia
全民集卡,聊天社交,cn.quanminjika
恋爱脱单话术,聊天社交,com.szyzkj.lianailianmeng
未来社交,聊天社交,com.revome.app
章鱼部落,聊天社交,com.zhangyutv.sns
云家园,聊天社交,com.licheng.cloud
信聊,聊天社交,com.dym.xuliao
贴吧一键签到大师,聊天社交,com.baidutieba.davy
囍上媒捎,聊天社交,com.example.marry
族记,聊天社交,com.zujifamily
达州微帮,聊天社交,net.dazhouweibang
伊对,聊天社交,me.yidui
密码酷,聊天社交,net.ask123.mima96
金融库,聊天社交,com.jinrongcool.app
SUGAR苏格,聊天社交,club.sugar5.app
来信,聊天社交,com.laixin.app
牵媒视频相亲交友,聊天社交,com.hm.blinddate
推推,聊天社交,com.hainan.tuitui
GUGU,聊天社交,com.zykj.gugu
集加,聊天社交,com.okjijia.app
箩筐,聊天社交,com.cmmobi.railwifi
脸疼,聊天社交,com.stonecutter.faceteng
小红书,聊天社交,com.xingin.xhs
蜂利器,聊天社交,com.blibee.sharp.android
皮皮鸭,聊天社交,com.suhua.ppegg
欢遇,聊天社交,com.demeter.eggplant
论否,聊天社交,tech.nani.www.nani
海投排行,聊天社交,com.rabbit.waihui
全民吃瓜,聊天社交,com.dianyou.app.market.dyclient
幸识,聊天社交,com.cijianlink.cjlk
侃侃,聊天社交,com.zone.ormosia
全民集卡,聊天社交,cn.quanminjika
恋爱脱单话术,聊天社交,com.szyzkj.lianailianmeng
未来社交,聊天社交,com.revome.app
章鱼部落,聊天社交,com.zhangyutv.sns
云家园,聊天社交,com.licheng.cloud
信聊,聊天社交,com.dym.xuliao
贴吧一键签到大师,聊天社交,com.baidutieba.davy
囍上媒捎,聊天社交,com.example.marry
族记,聊天社交,com.zujifamily
达州微帮,聊天社交,net.dazhouweibang
伊对,聊天社交,me.yidui
密码酷,聊天社交,net.ask123.mima96
金融库,聊天社交,com.jinrongcool.app
SUGAR苏格,聊天社交,club.sugar5.app
来信,聊天社交,com.laixin.app
牵媒视频相亲交友,聊天社交,com.hm.blinddate
推推,聊天社交,com.hainan.tuitui
GUGU,聊天社交,com.zykj.gugu
集加,聊天社交,com.okjijia.app
箩筐,聊天社交,com.cmmobi.railwifi
脸疼,聊天社交,com.stonecutter.faceteng
小红书,聊天社交,com.xingin.xhs
蜂利器,聊天社交,com.blibee.sharp.android
皮皮鸭,聊天社交,com.suhua.ppegg
欢遇,聊天社交,com.demeter.eggplant
论否,聊天社交,tech.nani.www.nani
海投排行,聊天社交,com.rabbit.waihui
全民吃瓜,聊天社交,com.dianyou.app.market.dyclient
幸识,聊天社交,com.cijianlink.cjlk
侃侃,聊天社交,com.zone.ormosia
全民集卡,聊天社交,cn.quanminjika
恋爱脱单话术,聊天社交,com.szyzkj.lianailianmeng
未来社交,聊天社交,com.revome.app
章鱼部落,聊天社交,com.zhangyutv.sns
云家园,聊天社交,com.licheng.cloud
信聊,聊天社交,com.dym.xuliao
贴吧一键签到大师,聊天社交,com.baidutieba.davy
囍上媒捎,聊天社交,com.example.marry
族记,聊天社交,com.zujifamily
达州微帮,聊天社交,net.dazhouweibang
伊对,聊天社交,me.yidui
密码酷,聊天社交,net.ask123.mima96
金融库,聊天社交,com.jinrongcool.app
SUGAR苏格,聊天社交,club.sugar5.app
来信,聊天社交,com.laixin.app
牵媒视频相亲交友,聊天社交,com.hm.blinddate
推推,聊天社交,com.hainan.tuitui
GUGU,聊天社交,com.zykj.gugu
集加,聊天社交,com.okjijia.app
箩筐,聊天社交,com.cmmobi.railwifi
脸疼,聊天社交,com.stonecutter.faceteng
小红书,聊天社交,com.xingin.xhs
蜂利器,聊天社交,com.blibee.sharp.android
皮皮鸭,聊天社交,com.suhua.ppegg
欢遇,聊天社交,com.demeter.eggplant
论否,聊天社交,tech.nani.www.nani
海投排行,聊天社交,com.rabbit.waihui
全民吃瓜,聊天社交,com.dianyou.app.market.dyclient
幸识,聊天社交,com.cijianlink.cjlk
侃侃,聊天社交,com.zone.ormosia
全民集卡,聊天社交,cn.quanminjika
恋爱脱单话术,聊天社交,com.szyzkj.lianailianmeng
未来社交,聊天社交,com.revome.app
章鱼部落,聊天社交,com.zhangyutv.sns
云家园,聊天社交,com.licheng.cloud
信聊,聊天社交,com.dym.xuliao
贴吧一键签到大师,聊天社交,com.baidutieba.davy
囍上媒捎,聊天社交,com.example.marry
族记,聊天社交,com.zujifamily
达州微帮,聊天社交,net.dazhouweibang
伊对,聊天社交,me.yidui
密码酷,聊天社交,net.ask123.mima96
金融库,聊天社交,com.jinrongcool.app
SUGAR苏格,聊天社交,club.sugar5.app
来信,聊天社交,com.laixin.app
牵媒视频相亲交友,聊天社交,com.hm.blinddate
推推,聊天社交,com.hainan.tuitui
GUGU,聊天社交,com.zykj.gugu
集加,聊天社交,com.okjijia.app
箩筐,聊天社交,com.cmmobi.railwifi
脸疼,聊天社交,com.stonecutter.faceteng
小红书,聊天社交,com.xingin.xhs
蜂利器,聊天社交,com.blibee.sharp.android
皮皮鸭,聊天社交,com.suhua.ppegg
欢遇,聊天社交,com.demeter.eggplant
论否,聊天社交,tech.nani.www.nani
海投排行,聊天社交,com.rabbit.waihui
全民吃瓜,聊天社交,com.dianyou.app.market.dyclient
幸识,聊天社交,com.cijianlink.cjlk
侃侃,聊天社交,com.zone.ormosia
全民集卡,聊天社交,cn.quanminjika
恋爱脱单话术,聊天社交,com.szyzkj.lianailianmeng
未来社交,聊天社交,com.revome.app
章鱼部落,聊天社交,com.zhangyutv.sns
云家园,聊天社交,com.licheng.cloud
信聊,聊天社交,com.dym.xuliao
贴吧一键签到大师,聊天社交,com.baidutieba.davy
囍上媒捎,聊天社交,com.example.marry
族记,聊天社交,com.zujifamily
达州微帮,聊天社交,net.dazhouweibang
伊对,聊天社交,me.yidui
密码酷,聊天社交,net.ask123.mima96
金融库,聊天社交,com.jinrongcool.app
SUGAR苏格,聊天社交,club.sugar5.app
来信,聊天社交,com.laixin.app
牵媒视频相亲交友,聊天社交,com.hm.blinddate
推推,聊天社交,com.hainan.tuitui
GUGU,聊天社交,com.zykj.gugu
集加,聊天社交,com.okjijia.app
箩筐,聊天社交,com.cmmobi.railwifi
脸疼,聊天社交,com.stonecutter.faceteng
小红书,聊天社交,com.xingin.xhs
蜂利器,聊天社交,com.blibee.sharp.android
皮皮鸭,聊天社交,com.suhua.ppegg
欢遇,聊天社交,com.demeter.eggplant
论否,聊天社交,tech.nani.www.nani
海投排行,聊天社交,com.rabbit.waihui
全民吃瓜,聊天社交,com.dianyou.app.market.dyclient
幸识,聊天社交,com.cijianlink.cjlk
侃侃,聊天社交,com.zone.ormosia
全民集卡,聊天社交,cn.quanminjika
恋爱脱单话术,聊天社交,com.szyzkj.lianailianmeng
未来社交,聊天社交,com.revome.app
章鱼部落,聊天社交,com.zhangyutv.sns
云家园,聊天社交,com.licheng.cloud
信聊,聊天社交,com.dym.xuliao
贴吧一键签到大师,聊天社交,com.baidutieba.davy
囍上媒捎,聊天社交,com.example.marry
族记,聊天社交,com.zujifamily
达州微帮,聊天社交,net.dazhouweibang
伊对,聊天社交,me.yidui
密码酷,聊天社交,net.ask123.mima96
金融库,聊天社交,com.jinrongcool.app
SUGAR苏格,聊天社交,club.sugar5.app
来信,聊天社交,com.laixin.app
牵媒视频相亲交友,聊天社交,com.hm.blinddate
推推,聊天社交,com.hainan.tuitui
GUGU,聊天社交,com.zykj.gugu
集加,聊天社交,com.okjijia.app
箩筐,聊天社交,com.cmmobi.railwifi
脸疼,聊天社交,com.stonecutter.faceteng
小红书,聊天社交,com.xingin.xhs
蜂利器,聊天社交,com.blibee.sharp.android
皮皮鸭,聊天社交,com.suhua.ppegg
欢遇,聊天社交,com.demeter.eggplant
论否,聊天社交,tech.nani.www.nani
海投排行,聊天社交,com.rabbit.waihui
全民吃瓜,聊天社交,com.dianyou.app.market.dyclient
幸识,聊天社交,com.cijianlink.cjlk
侃侃,聊天社交,com.zone.ormosia
全民集卡,聊天社交,cn.quanminjika
恋爱脱单话术,聊天社交,com.szyzkj.lianailianmeng
未来社交,聊天社交,com.revome.app
章鱼部落,聊天社交,com.zhangyutv.sns
云家园,聊天社交,com.licheng.cloud
信聊,聊天社交,com.dym.xuliao
贴吧一键签到大师,聊天社交,com.baidutieba.davy
囍上媒捎,聊天社交,com.example.marry
族记,聊天社交,com.zujifamily
达州微帮,聊天社交,net.dazhouweibang
伊对,聊天社交,me.yidui
密码酷,聊天社交,net.ask123.mima96
金融库,聊天社交,com.jinrongcool.app
SUGAR苏格,聊天社交,club.sugar5.app
来信,聊天社交,com.laixin.app
牵媒视频相亲交友,聊天社交,com.hm.blinddate
推推,聊天社交,com.hainan.tuitui
GUGU,聊天社交,com.zykj.gugu
集加,聊天社交,com.okjijia.app
箩筐,聊天社交,com.cmmobi.railwifi
脸疼,聊天社交,com.stonecutter.faceteng
小红书,聊天社交,com.xingin.xhs
蜂利器,聊天社交,com.blibee.sharp.android
皮皮鸭,聊天社交,com.suhua.ppegg
欢遇,聊天社交,com.demeter.eggplant
论否,聊天社交,tech.nani.www.nani
海投排行,聊天社交,com.rabbit.waihui
全民吃瓜,聊天社交,com.dianyou.app.market.dyclient
幸识,聊天社交,com.cijianlink.cjlk
侃侃,聊天社交,com.zone.ormosia
全民集卡,聊天社交,cn.quanminjika
恋爱脱单话术,聊天社交,com.szyzkj.lianailianmeng
未来社交,聊天社交,com.revome.app
章鱼部落,聊天社交,com.zhangyutv.sns
云家园,聊天社交,com.licheng.cloud
信聊,聊天社交,com.dym.xuliao
贴吧一键签到大师,聊天社交,com.baidutieba.davy
囍上媒捎,聊天社交,com.example.marry
族记,聊天社交,com.zujifamily
达州微帮,聊天社交,net.dazhouweibang
伊对,聊天社交,me.yidui
密码酷,聊天社交,net.ask123.mima96
金融库,聊天社交,com.jinrongcool.app
SUGAR苏格,聊天社交,club.sugar5.app
来信,聊天社交,com.laixin.app
牵媒视频相亲交友,聊天社交,com.hm.blinddate
推推,聊天社交,com.hainan.tuitui
GUGU,聊天社交,com.zykj.gugu
集加,聊天社交,com.okjijia.app
箩筐,聊天社交,com.cmmobi.railwifi
脸疼,聊天社交,com.stonecutter.faceteng
小红书,聊天社交,com.xingin.xhs
蜂利器,聊天社交,com.blibee.sharp.android
皮皮鸭,聊天社交,com.suhua.ppegg
欢遇,聊天社交,com.demeter.eggplant
论否,聊天社交,tech.nani.www.nani
海投排行,聊天社交,com.rabbit.waihui
全民吃瓜,聊天社交,com.dianyou.app.market.dyclient
幸识,聊天社交,com.cijianlink.cjlk
侃侃,聊天社交,com.zone.ormosia
全民集卡,聊天社交,cn.quanminjika
恋爱脱单话术,聊天社交,com.szyzkj.lianailianmeng
未来社交,聊天社交,com.revome.app
章鱼部落,聊天社交,com.zhangyutv.sns
云家园,聊天社交,com.licheng.cloud
信聊,聊天社交,com.dym.xuliao
贴吧一键签到大师,聊天社交,com.baidutieba.davy
囍上媒捎,聊天社交,com.example.marry
族记,聊天社交,com.zujifamily
达州微帮,聊天社交,net.dazhouweibang
伊对,聊天社交,me.yidui
密码酷,聊天社交,net.ask123.mima96
金融库,聊天社交,com.jinrongcool.app
SUGAR苏格,聊天社交,club.sugar5.app
来信,聊天社交,com.laixin.app
牵媒视频相亲交友,聊天社交,com.hm.blinddate
推推,聊天社交,com.hainan.tuitui
GUGU,聊天社交,com.zykj.gugu
集加,聊天社交,com.okjijia.app
箩筐,聊天社交,com.cmmobi.railwifi
脸疼,聊天社交,com.stonecutter.faceteng
小红书,聊天社交,com.xingin.xhs
蜂利器,聊天社交,com.blibee.sharp.android
皮皮鸭,聊天社交,com.suhua.ppegg
欢遇,聊天社交,com.demeter.eggplant
论否,聊天社交,tech.nani.www.nani
海投排行,聊天社交,com.rabbit.waihui
全民吃瓜,聊天社交,com.dianyou.app.market.dyclient
幸识,聊天社交,com.cijianlink.cjlk
侃侃,聊天社交,com.zone.ormosia
全民集卡,聊天社交,cn.quanminjika
恋爱脱单话术,聊天社交,com.szyzkj.lianailianmeng
未来社交,聊天社交,com.revome.app
章鱼部落,聊天社交,com.zhangyutv.sns
云家园,聊天社交,com.licheng.cloud
信聊,聊天社交,com.dym.xuliao
贴吧一键签到大师,聊天社交,com.baidutieba.davy
囍上媒捎,聊天社交,com.example.marry
族记,聊天社交,com.zujifamily
达州微帮,聊天社交,net.dazhouweibang
伊对,聊天社交,me.yidui
密码酷,聊天社交,net.ask123.mima96
金融库,聊天社交,com.jinrongcool.app
SUGAR苏格,聊天社交,club.sugar5.app
来信,聊天社交,com.laixin.app
牵媒视频相亲交友,聊天社交,com.hm.blinddate
推推,聊天社交,com.hainan.tuitui
GUGU,聊天社交,com.zykj.gugu
集加,聊天社交,com.okjijia.app
箩筐,聊天社交,com.cmmobi.railwifi
脸疼,聊天社交,com.stonecutter.faceteng
小红书,聊天社交,com.xingin.xhs
蜂利器,聊天社交,com.blibee.sharp.android
皮皮鸭,聊天社交,com.suhua.ppegg
欢遇,聊天社交,com.demeter.eggplant
论否,聊天社交,tech.nani.www.nani
海投排行,聊天社交,com.rabbit.waihui
全民吃瓜,聊天社交,com.dianyou.app.market.dyclient
幸识,聊天社交,com.cijianlink.cjlk
侃侃,聊天社交,com.zone.ormosia
全民集卡,聊天社交,cn.quanminjika
恋爱脱单话术,聊天社交,com.szyzkj.lianailianmeng
未来社交,聊天社交,com.revome.app
章鱼部落,聊天社交,com.zhangyutv.sns
云家园,聊天社交,com.licheng.cloud
信聊,聊天社交,com.dym.xuliao
贴吧一键签到大师,聊天社交,com.baidutieba.davy
囍上媒捎,聊天社交,com.example.marry
族记,聊天社交,com.zujifamily
达州微帮,聊天社交,net.dazhouweibang
伊对,聊天社交,me.yidui
密码酷,聊天社交,net.ask123.mima96
金融库,聊天社交,com.jinrongcool.app
SUGAR苏格,聊天社交,club.sugar5.app
来信,聊天社交,com.laixin.app
牵媒视频相亲交友,聊天社交,com.hm.blinddate
推推,聊天社交,com.hainan.tuitui
GUGU,聊天社交,com.zykj.gugu
集加,聊天社交,com.okjijia.app
箩筐,聊天社交,com.cmmobi.railwifi
脸疼,聊天社交,com.stonecutter.faceteng
小红书,聊天社交,com.xingin.xhs
蜂利器,聊天社交,com.blibee.sharp.android
皮皮鸭,聊天社交,com.suhua.ppegg
欢遇,聊天社交,com.demeter.eggplant
论否,聊天社交,tech.nani.www.nani
海投排行,聊天社交,com.rabbit.waihui
全民吃瓜,聊天社交,com.dianyou.app.market.dyclient
幸识,聊天社交,com.cijianlink.cjlk
侃侃,聊天社交,com.zone.ormosia
全民集卡,聊天社交,cn.quanminjika
恋爱脱单话术,聊天社交,com.szyzkj.lianailianmeng
未来社交,聊天社交,com.revome.app
章鱼部落,聊天社交,com.zhangyutv.sns
云家园,聊天社交,com.licheng.cloud
信聊,聊天社交,com.dym.xuliao
贴吧一键签到大师,聊天社交,com.baidutieba.davy
囍上媒捎,聊天社交,com.example.marry
族记,聊天社交,com.zujifamily
达州微帮,聊天社交,net.dazhouweibang
伊对,聊天社交,me.yidui
密码酷,聊天社交,net.ask123.mima96
金融库,聊天社交,com.jinrongcool.app
SUGAR苏格,聊天社交,club.sugar5.app
来信,聊天社交,com.laixin.app
牵媒视频相亲交友,聊天社交,com.hm.blinddate
推推,聊天社交,com.hainan.tuitui
GUGU,聊天社交,com.zykj.gugu
集加,聊天社交,com.okjijia.app
箩筐,聊天社交,com.cmmobi.railwifi
脸疼,聊天社交,com.stonecutter.faceteng
小红书,聊天社交,com.xingin.xhs
蜂利器,聊天社交,com.blibee.sharp.android
皮皮鸭,聊天社交,com.suhua.ppegg
欢遇,聊天社交,com.demeter.eggplant
论否,聊天社交,tech.nani.www.nani
海投排行,聊天社交,com.rabbit.waihui
全民吃瓜,聊天社交,com.dianyou.app.market.dyclient
幸识,聊天社交,com.cijianlink.cjlk
侃侃,聊天社交,com.zone.ormosia
全民集卡,聊天社交,cn.quanminjika
恋爱脱单话术,聊天社交,com.szyzkj.lianailianmeng
未来社交,聊天社交,com.revome.app
章鱼部落,聊天社交,com.zhangyutv.sns
云家园,聊天社交,com.licheng.cloud
信聊,聊天社交,com.dym.xuliao
贴吧一键签到大师,聊天社交,com.baidutieba.davy
囍上媒捎,聊天社交,com.example.marry
族记,聊天社交,com.zujifamily
达州微帮,聊天社交,net.dazhouweibang
伊对,聊天社交,me.yidui
密码酷,聊天社交,net.ask123.mima96
金融库,聊天社交,com.jinrongcool.app
SUGAR苏格,聊天社交,club.sugar5.app
来信,聊天社交,com.laixin.app
牵媒视频相亲交友,聊天社交,com.hm.blinddate
推推,聊天社交,com.hainan.tuitui
GUGU,聊天社交,com.zykj.gugu
集加,聊天社交,com.okjijia.app
箩筐,聊天社交,com.cmmobi.railwifi
脸疼,聊天社交,com.stonecutter.faceteng
小红书,聊天社交,com.xingin.xhs
蜂利器,聊天社交,com.blibee.sharp.android
皮皮鸭,聊天社交,com.suhua.ppegg
欢遇,聊天社交,com.demeter.eggplant
论否,聊天社交,tech.nani.www.nani
海投排行,聊天社交,com.rabbit.waihui
全民吃瓜,聊天社交,com.dianyou.app.market.dyclient
幸识,聊天社交,com.cijianlink.cjlk
侃侃,聊天社交,com.zone.ormosia
全民集卡,聊天社交,cn.quanminjika
恋爱脱单话术,聊天社交,com.szyzkj.lianailianmeng
未来社交,聊天社交,com.revome.app
章鱼部落,聊天社交,com.zhangyutv.sns
云家园,聊天社交,com.licheng.cloud
信聊,聊天社交,com.dym.xuliao
贴吧一键签到大师,聊天社交,com.baidutieba.davy
囍上媒捎,聊天社交,com.example.marry
族记,聊天社交,com.zujifamily
达州微帮,聊天社交,net.dazhouweibang
伊对,聊天社交,me.yidui
密码酷,聊天社交,net.ask123.mima96
金融库,聊天社交,com.jinrongcool.app
SUGAR苏格,聊天社交,club.sugar5.app
来信,聊天社交,com.laixin.app
牵媒视频相亲交友,聊天社交,com.hm.blinddate
推推,聊天社交,com.hainan.tuitui
GUGU,聊天社交,com.zykj.gugu
集加,聊天社交,com.okjijia.app
箩筐,聊天社交,com.cmmobi.railwifi
脸疼,聊天社交,com.stonecutter.faceteng
小红书,聊天社交,com.xingin.xhs
蜂利器,聊天社交,com.blibee.sharp.android
皮皮鸭,聊天社交,com.suhua.ppegg
欢遇,聊天社交,com.demeter.eggplant
论否,聊天社交,tech.nani.www.nani
海投排行,聊天社交,com.rabbit.waihui
全民吃瓜,聊天社交,com.dianyou.app.market.dyclient
幸识,聊天社交,com.cijianlink.cjlk
侃侃,聊天社交,com.zone.ormosia
全民集卡,聊天社交,cn.quanminjika
恋爱脱单话术,聊天社交,com.szyzkj.lianailianmeng
未来社交,聊天社交,com.revome.app
章鱼部落,聊天社交,com.zhangyutv.sns
云家园,聊天社交,com.licheng.cloud
信聊,聊天社交,com.dym.xuliao
贴吧一键签到大师,聊天社交,com.baidutieba.davy
囍上媒捎,聊天社交,com.example.marry
族记,聊天社交,com.zujifamily
达州微帮,聊天社交,net.dazhouweibang
伊对,聊天社交,me.yidui
密码酷,聊天社交,net.ask123.mima96
金融库,聊天社交,com.jinrongcool.app
SUGAR苏格,聊天社交,club.sugar5.app
来信,聊天社交,com.laixin.app
牵媒视频相亲交友,聊天社交,com.hm.blinddate
推推,聊天社交,com.hainan.tuitui
GUGU,聊天社交,com.zykj.gugu
集加,聊天社交,com.okjijia.app
箩筐,聊天社交,com.cmmobi.railwifi
脸疼,聊天社交,com.stonecutter.faceteng
小红书,聊天社交,com.xingin.xhs
蜂利器,聊天社交,com.blibee.sharp.android
皮皮鸭,聊天社交,com.suhua.ppegg
欢遇,聊天社交,com.demeter.eggplant
论否,聊天社交,tech.nani.www.nani
海投排行,聊天社交,com.rabbit.waihui
全民吃瓜,聊天社交,com.dianyou.app.market.dyclient
幸识,聊天社交,com.cijianlink.cjlk
侃侃,聊天社交,com.zone.ormosia
全民集卡,聊天社交,cn.quanminjika
恋爱脱单话术,聊天社交,com.szyzkj.lianailianmeng
未来社交,聊天社交,com.revome.app
章鱼部落,聊天社交,com.zhangyutv.sns
云家园,聊天社交,com.licheng.cloud
信聊,聊天社交,com.dym.xuliao
贴吧一键签到大师,聊天社交,com.baidutieba.davy
囍上媒捎,聊天社交,com.example.marry
族记,聊天社交,com.zujifamily
达州微帮,聊天社交,net.dazhouweibang
伊对,聊天社交,me.yidui
密码酷,聊天社交,net.ask123.mima96
金融库,聊天社交,com.jinrongcool.app
SUGAR苏格,聊天社交,club.sugar5.app
来信,聊天社交,com.laixin.app
牵媒视频相亲交友,聊天社交,com.hm.blinddate
推推,聊天社交,com.hainan.tuitui
GUGU,聊天社交,com.zykj.gugu
集加,聊天社交,com.okjijia.app
箩筐,聊天社交,com.cmmobi.railwifi
脸疼,聊天社交,com.stonecutter.faceteng
小红书,聊天社交,com.xingin.xhs
蜂利器,聊天社交,com.blibee.sharp.android
皮皮鸭,聊天社交,com.suhua.ppegg
欢遇,聊天社交,com.demeter.eggplant
论否,聊天社交,tech.nani.www.nani
海投排行,聊天社交,com.rabbit.waihui
全民吃瓜,聊天社交,com.dianyou.app.market.dyclient
幸识,聊天社交,com.cijianlink.cjlk
侃侃,聊天社交,com.zone.ormosia
全民集卡,聊天社交,cn.quanminjika
恋爱脱单话术,聊天社交,com.szyzkj.lianailianmeng
未来社交,聊天社交,com.revome.app
章鱼部落,聊天社交,com.zhangyutv.sns
云家园,聊天社交,com.licheng.cloud
信聊,聊天社交,com.dym.xuliao
贴吧一键签到大师,聊天社交,com.baidutieba.davy
囍上媒捎,聊天社交,com.example.marry
族记,聊天社交,com.zujifamily
达州微帮,聊天社交,net.dazhouweibang
伊对,聊天社交,me.yidui
密码酷,聊天社交,net.ask123.mima96
金融库,聊天社交,com.jinrongcool.app
SUGAR苏格,聊天社交,club.sugar5.app
来信,聊天社交,com.laixin.app
牵媒视频相亲交友,聊天社交,com.hm.blinddate
推推,聊天社交,com.hainan.tuitui
GUGU,聊天社交,com.zykj.gugu
集加,聊天社交,com.okjijia.app
箩筐,聊天社交,com.cmmobi.railwifi
脸疼,聊天社交,com.stonecutter.faceteng
小红书,聊天社交,com.xingin.xhs
蜂利器,聊天社交,com.blibee.sharp.android
皮皮鸭,聊天社交,com.suhua.ppegg
欢遇,聊天社交,com.demeter.eggplant
论否,聊天社交,tech.nani.www.nani
海投排行,聊天社交,com.rabbit.waihui
全民吃瓜,聊天社交,com.dianyou.app.market.dyclient
幸识,聊天社交,com.cijianlink.cjlk
侃侃,聊天社交,com.zone.ormosia
全民集卡,聊天社交,cn.quanminjika
恋爱脱单话术,聊天社交,com.szyzkj.lianailianmeng
未来社交,聊天社交,com.revome.app
章鱼部落,聊天社交,com.zhangyutv.sns
云家园,聊天社交,com.licheng.cloud
信聊,聊天社交,com.dym.xuliao
贴吧一键签到大师,聊天社交,com.baidutieba.davy
囍上媒捎,聊天社交,com.example.marry
族记,聊天社交,com.zujifamily
达州微帮,聊天社交,net.dazhouweibang
伊对,聊天社交,me.yidui
密码酷,聊天社交,net.ask123.mima96
金融库,聊天社交,com.jinrongcool.app
SUGAR苏格,聊天社交,club.sugar5.app
来信,聊天社交,com.laixin.app
牵媒视频相亲交友,聊天社交,com.hm.blinddate
推推,聊天社交,com.hainan.tuitui
GUGU,聊天社交,com.zykj.gugu
集加,聊天社交,com.okjijia.app
箩筐,聊天社交,com.cmmobi.railwifi
脸疼,聊天社交,com.stonecutter.faceteng
小红书,聊天社交,com.xingin.xhs
蜂利器,聊天社交,com.blibee.sharp.android
皮皮鸭,聊天社交,com.suhua.ppegg
欢遇,聊天社交,com.demeter.eggplant
论否,聊天社交,tech.nani.www.nani
海投排行,聊天社交,com.rabbit.waihui
全民吃瓜,聊天社交,com.dianyou.app.market.dyclient
幸识,聊天社交,com.cijianlink.cjlk
侃侃,聊天社交,com.zone.ormosia
全民集卡,聊天社交,cn.quanminjika
恋爱脱单话术,聊天社交,com.szyzkj.lianailianmeng
未来社交,聊天社交,com.revome.app
章鱼部落,聊天社交,com.zhangyutv.sns
云家园,聊天社交,com.licheng.cloud
信聊,聊天社交,com.dym.xuliao
贴吧一键签到大师,聊天社交,com.baidutieba.davy
囍上媒捎,聊天社交,com.example.marry
族记,聊天社交,com.zujifamily
达州微帮,聊天社交,net.dazhouweibang
伊对,聊天社交,me.yidui
密码酷,聊天社交,net.ask123.mima96
金融库,聊天社交,com.jinrongcool.app
SUGAR苏格,聊天社交,club.sugar5.app
来信,聊天社交,com.laixin.app
牵媒视频相亲交友,聊天社交,com.hm.blinddate
推推,聊天社交,com.hainan.tuitui
GUGU,聊天社交,com.zykj.gugu
集加,聊天社交,com.okjijia.app
箩筐,聊天社交,com.cmmobi.railwifi
脸疼,聊天社交,com.stonecutter.faceteng
小红书,聊天社交,com.xingin.xhs
蜂利器,聊天社交,com.blibee.sharp.android
皮皮鸭,聊天社交,com.suhua.ppegg
欢遇,聊天社交,com.demeter.eggplant
论否,聊天社交,tech.nani.www.nani
海投排行,聊天社交,com.rabbit.waihui
全民吃瓜,聊天社交,com.dianyou.app.market.dyclient
幸识,聊天社交,com.cijianlink.cjlk
侃侃,聊天社交,com.zone.ormosia
全民集卡,聊天社交,cn.quanminjika
恋爱脱单话术,聊天社交,com.szyzkj.lianailianmeng
未来社交,聊天社交,com.revome.app
章鱼部落,聊天社交,com.zhangyutv.sns
云家园,聊天社交,com.licheng.cloud
信聊,聊天社交,com.dym.xuliao
贴吧一键签到大师,聊天社交,com.baidutieba.davy
囍上媒捎,聊天社交,com.example.marry
族记,聊天社交,com.zujifamily
达州微帮,聊天社交,net.dazhouweibang
伊对,聊天社交,me.yidui
密码酷,聊天社交,net.ask123.mima96
金融库,聊天社交,com.jinrongcool.app
SUGAR苏格,聊天社交,club.sugar5.app
来信,聊天社交,com.laixin.app
牵媒视频相亲交友,聊天社交,com.hm.blinddate
推推,聊天社交,com.hainan.tuitui
GUGU,聊天社交,com.zykj.gugu
集加,聊天社交,com.okjijia.app
箩筐,聊天社交,com.cmmobi.railwifi
脸疼,聊天社交,com.stonecutter.faceteng
小红书,聊天社交,com.xingin.xhs
蜂利器,聊天社交,com.blibee.sharp.android
皮皮鸭,聊天社交,com.suhua.ppegg
欢遇,聊天社交,com.demeter.eggplant
论否,聊天社交,tech.nani.www.nani
海投排行,聊天社交,com.rabbit.waihui
全民吃瓜,聊天社交,com.dianyou.app.market.dyclient
幸识,聊天社交,com.cijianlink.cjlk
侃侃,聊天社交,com.zone.ormosia
全民集卡,聊天社交,cn.quanminjika
恋爱脱单话术,聊天社交,com.szyzkj.lianailianmeng
未来社交,聊天社交,com.revome.app
章鱼部落,聊天社交,com.zhangyutv.sns
云家园,聊天社交,com.licheng.cloud
信聊,聊天社交,com.dym.xuliao
贴吧一键签到大师,聊天社交,com.baidutieba.davy
囍上媒捎,聊天社交,com.example.marry
族记,聊天社交,com.zujifamily
达州微帮,聊天社交,net.dazhouweibang
伊对,聊天社交,me.yidui
密码酷,聊天社交,net.ask123.mima96
金融库,聊天社交,com.jinrongcool.app
SUGAR苏格,聊天社交,club.sugar5.app
来信,聊天社交,com.laixin.app
牵媒视频相亲交友,聊天社交,com.hm.blinddate
推推,聊天社交,com.hainan.tuitui
GUGU,聊天社交,com.zykj.gugu
集加,聊天社交,com.okjijia.app
箩筐,聊天社交,com.cmmobi.railwifi
脸疼,聊天社交,com.stonecutter.faceteng
小红书,聊天社交,com.xingin.xhs
蜂利器,聊天社交,com.blibee.sharp.android
皮皮鸭,聊天社交,com.suhua.ppegg
欢遇,聊天社交,com.demeter.eggplant
论否,聊天社交,tech.nani.www.nani
海投排行,聊天社交,com.rabbit.waihui
全民吃瓜,聊天社交,com.dianyou.app.market.dyclient
幸识,聊天社交,com.cijianlink.cjlk
侃侃,聊天社交,com.zone.ormosia
全民集卡,聊天社交,cn.quanminjika
恋爱脱单话术,聊天社交,com.szyzkj.lianailianmeng
未来社交,聊天社交,com.revome.app
章鱼部落,聊天社交,com.zhangyutv.sns
云家园,聊天社交,com.licheng.cloud
信聊,聊天社交,com.dym.xuliao
贴吧一键签到大师,聊天社交,com.baidutieba.davy
囍上媒捎,聊天社交,com.example.marry
族记,聊天社交,com.zujifamily
达州微帮,聊天社交,net.dazhouweibang
伊对,聊天社交,me.yidui
密码酷,聊天社交,net.ask123.mima96
金融库,聊天社交,com.jinrongcool.app
SUGAR苏格,聊天社交,club.sugar5.app
来信,聊天社交,com.laixin.app
牵媒视频相亲交友,聊天社交,com.hm.blinddate
推推,聊天社交,com.hainan.tuitui
GUGU,聊天社交,com.zykj.gugu
集加,聊天社交,com.okjijia.app
箩筐,聊天社交,com.cmmobi.railwifi
脸疼,聊天社交,com.stonecutter.faceteng
小红书,聊天社交,com.xingin.xhs
蜂利器,聊天社交,com.blibee.sharp.android
皮皮鸭,聊天社交,com.suhua.ppegg
欢遇,聊天社交,com.demeter.eggplant
论否,聊天社交,tech.nani.www.nani
海投排行,聊天社交,com.rabbit.waihui
全民吃瓜,聊天社交,com.dianyou.app.market.dyclient
幸识,聊天社交,com.cijianlink.cjlk
侃侃,聊天社交,com.zone.ormosia
全民集卡,聊天社交,cn.quanminjika
恋爱脱单话术,聊天社交,com.szyzkj.lianailianmeng
未来社交,聊天社交,com.revome.app
章鱼部落,聊天社交,com.zhangyutv.sns
云家园,聊天社交,com.licheng.cloud
信聊,聊天社交,com.dym.xuliao
贴吧一键签到大师,聊天社交,com.baidutieba.davy
囍上媒捎,聊天社交,com.example.marry
族记,聊天社交,com.zujifamily
达州微帮,聊天社交,net.dazhouweibang
伊对,聊天社交,me.yidui
密码酷,聊天社交,net.ask123.mima96
金融库,聊天社交,com.jinrongcool.app
SUGAR苏格,聊天社交,club.sugar5.app
来信,聊天社交,com.laixin.app
牵媒视频相亲交友,聊天社交,com.hm.blinddate
推推,聊天社交,com.hainan.tuitui
GUGU,聊天社交,com.zykj.gugu
集加,聊天社交,com.okjijia.app
箩筐,聊天社交,com.cmmobi.railwifi
脸疼,聊天社交,com.stonecutter.faceteng
小红书,聊天社交,com.xingin.xhs
蜂利器,聊天社交,com.blibee.sharp.android
皮皮鸭,聊天社交,com.suhua.ppegg
欢遇,聊天社交,com.demeter.eggplant
论否,聊天社交,tech.nani.www.nani
海投排行,聊天社交,com.rabbit.waihui
全民吃瓜,聊天社交,com.dianyou.app.market.dyclient
幸识,聊天社交,com.cijianlink.cjlk
侃侃,聊天社交,com.zone.ormosia
全民集卡,聊天社交,cn.quanminjika
恋爱脱单话术,聊天社交,com.szyzkj.lianailianmeng
未来社交,聊天社交,com.revome.app
章鱼部落,聊天社交,com.zhangyutv.sns
云家园,聊天社交,com.licheng.cloud
信聊,聊天社交,com.dym.xuliao
贴吧一键签到大师,聊天社交,com.baidutieba.davy
囍上媒捎,聊天社交,com.example.marry
族记,聊天社交,com.zujifamily
达州微帮,聊天社交,net.dazhouweibang
伊对,聊天社交,me.yidui
密码酷,聊天社交,net.ask123.mima96
金融库,聊天社交,com.jinrongcool.app
SUGAR苏格,聊天社交,club.sugar5.app
来信,聊天社交,com.laixin.app
牵媒视频相亲交友,聊天社交,com.hm.blinddate
推推,聊天社交,com.hainan.tuitui
GUGU,聊天社交,com.zykj.gugu
集加,聊天社交,com.okjijia.app
箩筐,聊天社交,com.cmmobi.railwifi
脸疼,聊天社交,com.stonecutter.faceteng
小红书,聊天社交,com.xingin.xhs
蜂利器,聊天社交,com.blibee.sharp.android
皮皮鸭,聊天社交,com.suhua.ppegg
欢遇,聊天社交,com.demeter.eggplant
论否,聊天社交,tech.nani.www.nani
海投排行,聊天社交,com.rabbit.waihui
全民吃瓜,聊天社交,com.dianyou.app.market.dyclient
幸识,聊天社交,com.cijianlink.cjlk
侃侃,聊天社交,com.zone.ormosia
全民集卡,聊天社交,cn.quanminjika
恋爱脱单话术,聊天社交,com.szyzkj.lianailianmeng
未来社交,聊天社交,com.revome.app
章鱼部落,聊天社交,com.zhangyutv.sns
云家园,聊天社交,com.licheng.cloud
信聊,聊天社交,com.dym.xuliao
贴吧一键签到大师,聊天社交,com.baidutieba.davy
囍上媒捎,聊天社交,com.example.marry
族记,聊天社交,com.zujifamily
达州微帮,聊天社交,net.dazhouweibang
伊对,聊天社交,me.yidui
密码酷,聊天社交,net.ask123.mima96
金融库,聊天社交,com.jinrongcool.app
SUGAR苏格,聊天社交,club.sugar5.app
来信,聊天社交,com.laixin.app
牵媒视频相亲交友,聊天社交,com.hm.blinddate
推推,聊天社交,com.hainan.tuitui
GUGU,聊天社交,com.zykj.gugu
集加,聊天社交,com.okjijia.app
箩筐,聊天社交,com.cmmobi.railwifi
脸疼,聊天社交,com.stonecutter.faceteng
小红书,聊天社交,com.xingin.xhs
蜂利器,聊天社交,com.blibee.sharp.android
皮皮鸭,聊天社交,com.suhua.ppegg
欢遇,聊天社交,com.demeter.eggplant
论否,聊天社交,tech.nani.www.nani
海投排行,聊天社交,com.rabbit.waihui
全民吃瓜,聊天社交,com.dianyou.app.market.dyclient
幸识,聊天社交,com.cijianlink.cjlk
侃侃,聊天社交,com.zone.ormosia
全民集卡,聊天社交,cn.quanminjika
恋爱脱单话术,聊天社交,com.szyzkj.lianailianmeng
未来社交,聊天社交,com.revome.app
章鱼部落,聊天社交,com.zhangyutv.sns
云家园,聊天社交,com.licheng.cloud
信聊,聊天社交,com.dym.xuliao
贴吧一键签到大师,聊天社交,com.baidutieba.davy
囍上媒捎,聊天社交,com.example.marry
族记,聊天社交,com.zujifamily
达州微帮,聊天社交,net.dazhouweibang
伊对,聊天社交,me.yidui
密码酷,聊天社交,net.ask123.mima96
金融库,聊天社交,com.jinrongcool.app
SUGAR苏格,聊天社交,club.sugar5.app
来信,聊天社交,com.laixin.app
牵媒视频相亲交友,聊天社交,com.hm.blinddate
推推,聊天社交,com.hainan.tuitui
GUGU,聊天社交,com.zykj.gugu
集加,聊天社交,com.okjijia.app
箩筐,聊天社交,com.cmmobi.railwifi
脸疼,聊天社交,com.stonecutter.faceteng
小红书,聊天社交,com.xingin.xhs
蜂利器,聊天社交,com.blibee.sharp.android
皮皮鸭,聊天社交,com.suhua.ppegg
欢遇,聊天社交,com.demeter.eggplant
论否,聊天社交,tech.nani.www.nani
海投排行,聊天社交,com.rabbit.waihui
全民吃瓜,聊天社交,com.dianyou.app.market.dyclient
幸识,聊天社交,com.cijianlink.cjlk
侃侃,聊天社交,com.zone.ormosia
全民集卡,聊天社交,cn.quanminjika
恋爱脱单话术,聊天社交,com.szyzkj.lianailianmeng
未来社交,聊天社交,com.revome.app
章鱼部落,聊天社交,com.zhangyutv.sns
云家园,聊天社交,com.licheng.cloud
信聊,聊天社交,com.dym.xuliao
贴吧一键签到大师,聊天社交,com.baidutieba.davy
囍上媒捎,聊天社交,com.example.marry
族记,聊天社交,com.zujifamily
达州微帮,聊天社交,net.dazhouweibang
伊对,聊天社交,me.yidui
密码酷,聊天社交,net.ask123.mima96
金融库,聊天社交,com.jinrongcool.app
SUGAR苏格,聊天社交,club.sugar5.app
来信,聊天社交,com.laixin.app
牵媒视频相亲交友,聊天社交,com.hm.blinddate
推推,聊天社交,com.hainan.tuitui
GUGU,聊天社交,com.zykj.gugu
集加,聊天社交,com.okjijia.app
箩筐,聊天社交,com.cmmobi.railwifi
脸疼,聊天社交,com.stonecutter.faceteng
小红书,聊天社交,com.xingin.xhs
蜂利器,聊天社交,com.blibee.sharp.android
皮皮鸭,聊天社交,com.suhua.ppegg
欢遇,聊天社交,com.demeter.eggplant
论否,聊天社交,tech.nani.www.nani
海投排行,聊天社交,com.rabbit.waihui
全民吃瓜,聊天社交,com.dianyou.app.market.dyclient
幸识,聊天社交,com.cijianlink.cjlk
侃侃,聊天社交,com.zone.ormosia
全民集卡,聊天社交,cn.quanminjika
恋爱脱单话术,聊天社交,com.szyzkj.lianailianmeng
未来社交,聊天社交,com.revome.app
章鱼部落,聊天社交,com.zhangyutv.sns
云家园,聊天社交,com.licheng.cloud
信聊,聊天社交,com.dym.xuliao
贴吧一键签到大师,聊天社交,com.baidutieba.davy
囍上媒捎,聊天社交,com.example.marry
族记,聊天社交,com.zujifamily
达州微帮,聊天社交,net.dazhouweibang
伊对,聊天社交,me.yidui
密码酷,聊天社交,net.ask123.mima96
金融库,聊天社交,com.jinrongcool.app
SUGAR苏格,聊天社交,club.sugar5.app
来信,聊天社交,com.laixin.app
牵媒视频相亲交友,聊天社交,com.hm.blinddate
推推,聊天社交,com.hainan.tuitui
GUGU,聊天社交,com.zykj.gugu
集加,聊天社交,com.okjijia.app
箩筐,聊天社交,com.cmmobi.railwifi
脸疼,聊天社交,com.stonecutter.faceteng
小红书,聊天社交,com.xingin.xhs
蜂利器,聊天社交,com.blibee.sharp.android
皮皮鸭,聊天社交,com.suhua.ppegg
欢遇,聊天社交,com.demeter.eggplant
论否,聊天社交,tech.nani.www.nani
海投排行,聊天社交,com.rabbit.waihui
全民吃瓜,聊天社交,com.dianyou.app.market.dyclient
幸识,聊天社交,com.cijianlink.cjlk
侃侃,聊天社交,com.zone.ormosia
全民集卡,聊天社交,cn.quanminjika
恋爱脱单话术,聊天社交,com.szyzkj.lianailianmeng
未来社交,聊天社交,com.revome.app
章鱼部落,聊天社交,com.zhangyutv.sns
云家园,聊天社交,com.licheng.cloud
信聊,聊天社交,com.dym.xuliao
贴吧一键签到大师,聊天社交,com.baidutieba.davy
囍上媒捎,聊天社交,com.example.marry
族记,聊天社交,com.zujifamily
达州微帮,聊天社交,net.dazhouweibang
伊对,聊天社交,me.yidui
密码酷,聊天社交,net.ask123.mima96
金融库,聊天社交,com.jinrongcool.app
SUGAR苏格,聊天社交,club.sugar5.app
来信,聊天社交,com.laixin.app
牵媒视频相亲交友,聊天社交,com.hm.blinddate
推推,聊天社交,com.hainan.tuitui
GUGU,聊天社交,com.zykj.gugu
集加,聊天社交,com.okjijia.app
箩筐,聊天社交,com.cmmobi.railwifi
脸疼,聊天社交,com.stonecutter.faceteng
小红书,聊天社交,com.xingin.xhs
蜂利器,聊天社交,com.blibee.sharp.android
皮皮鸭,聊天社交,com.suhua.ppegg
欢遇,聊天社交,com.demeter.eggplant
论否,聊天社交,tech.nani.www.nani
海投排行,聊天社交,com.rabbit.waihui
全民吃瓜,聊天社交,com.dianyou.app.market.dyclient
幸识,聊天社交,com.cijianlink.cjlk
侃侃,聊天社交,com.zone.ormosia
全民集卡,聊天社交,cn.quanminjika
恋爱脱单话术,聊天社交,com.szyzkj.lianailianmeng
未来社交,聊天社交,com.revome.app
章鱼部落,聊天社交,com.zhangyutv.sns
云家园,聊天社交,com.licheng.cloud
信聊,聊天社交,com.dym.xuliao
贴吧一键签到大师,聊天社交,com.baidutieba.davy
囍上媒捎,聊天社交,com.example.marry
族记,聊天社交,com.zujifamily
达州微帮,聊天社交,net.dazhouweibang
伊对,聊天社交,me.yidui
密码酷,聊天社交,net.ask123.mima96
金融库,聊天社交,com.jinrongcool.app
SUGAR苏格,聊天社交,club.sugar5.app
来信,聊天社交,com.laixin.app
牵媒视频相亲交友,聊天社交,com.hm.blinddate
推推,聊天社交,com.hainan.tuitui
GUGU,聊天社交,com.zykj.gugu
集加,聊天社交,com.okjijia.app
箩筐,聊天社交,com.cmmobi.railwifi
脸疼,聊天社交,com.stonecutter.faceteng
小红书,聊天社交,com.xingin.xhs
蜂利器,聊天社交,com.blibee.sharp.android
皮皮鸭,聊天社交,com.suhua.ppegg
欢遇,聊天社交,com.demeter.eggplant
论否,聊天社交,tech.nani.www.nani
海投排行,聊天社交,com.rabbit.waihui
全民吃瓜,聊天社交,com.dianyou.app.market.dyclient
幸识,聊天社交,com.cijianlink.cjlk
侃侃,聊天社交,com.zone.ormosia
全民集卡,聊天社交,cn.quanminjika
恋爱脱单话术,聊天社交,com.szyzkj.lianailianmeng
未来社交,聊天社交,com.revome.app
章鱼部落,聊天社交,com.zhangyutv.sns
云家园,聊天社交,com.licheng.cloud
信聊,聊天社交,com.dym.xuliao
贴吧一键签到大师,聊天社交,com.baidutieba.davy
囍上媒捎,聊天社交,com.example.marry
族记,聊天社交,com.zujifamily
达州微帮,聊天社交,net.dazhouweibang
伊对,聊天社交,me.yidui
密码酷,聊天社交,net.ask123.mima96
金融库,聊天社交,com.jinrongcool.app
SUGAR苏格,聊天社交,club.sugar5.app
来信,聊天社交,com.laixin.app
牵媒视频相亲交友,聊天社交,com.hm.blinddate
推推,聊天社交,com.hainan.tuitui
GUGU,聊天社交,com.zykj.gugu
集加,聊天社交,com.okjijia.app
箩筐,聊天社交,com.cmmobi.railwifi
脸疼,聊天社交,com.stonecutter.faceteng
小红书,聊天社交,com.xingin.xhs
蜂利器,聊天社交,com.blibee.sharp.android
皮皮鸭,聊天社交,com.suhua.ppegg
欢遇,聊天社交,com.demeter.eggplant
论否,聊天社交,tech.nani.www.nani
海投排行,聊天社交,com.rabbit.waihui
全民吃瓜,聊天社交,com.dianyou.app.market.dyclient
幸识,聊天社交,com.cijianlink.cjlk
侃侃,聊天社交,com.zone.ormosia
全民集卡,聊天社交,cn.quanminjika
恋爱脱单话术,聊天社交,com.szyzkj.lianailianmeng
未来社交,聊天社交,com.revome.app
章鱼部落,聊天社交,com.zhangyutv.sns
云家园,聊天社交,com.licheng.cloud
信聊,聊天社交,com.dym.xuliao
贴吧一键签到大师,聊天社交,com.baidutieba.davy
囍上媒捎,聊天社交,com.example.marry
族记,聊天社交,com.zujifamily
达州微帮,聊天社交,net.dazhouweibang
伊对,聊天社交,me.yidui
密码酷,聊天社交,net.ask123.mima96
金融库,聊天社交,com.jinrongcool.app
SUGAR苏格,聊天社交,club.sugar5.app
来信,聊天社交,com.laixin.app
牵媒视频相亲交友,聊天社交,com.hm.blinddate
推推,聊天社交,com.hainan.tuitui
GUGU,聊天社交,com.zykj.gugu
集加,聊天社交,com.okjijia.app
箩筐,聊天社交,com.cmmobi.railwifi
脸疼,聊天社交,com.stonecutter.faceteng
小红书,聊天社交,com.xingin.xhs
蜂利器,聊天社交,com.blibee.sharp.android
皮皮鸭,聊天社交,com.suhua.ppegg
欢遇,聊天社交,com.demeter.eggplant
论否,聊天社交,tech.nani.www.nani
海投排行,聊天社交,com.rabbit.waihui
全民吃瓜,聊天社交,com.dianyou.app.market.dyclient
幸识,聊天社交,com.cijianlink.cjlk
侃侃,聊天社交,com.zone.ormosia
全民集卡,聊天社交,cn.quanminjika
恋爱脱单话术,聊天社交,com.szyzkj.lianailianmeng
未来社交,聊天社交,com.revome.app
章鱼部落,聊天社交,com.zhangyutv.sns
云家园,聊天社交,com.licheng.cloud
信聊,聊天社交,com.dym.xuliao
贴吧一键签到大师,聊天社交,com.baidutieba.davy
囍上媒捎,聊天社交,com.example.marry
族记,聊天社交,com.zujifamily
达州微帮,聊天社交,net.dazhouweibang
伊对,聊天社交,me.yidui
密码酷,聊天社交,net.ask123.mima96
金融库,聊天社交,com.jinrongcool.app
SUGAR苏格,聊天社交,club.sugar5.app
来信,聊天社交,com.laixin.app
牵媒视频相亲交友,聊天社交,com.hm.blinddate
推推,聊天社交,com.hainan.tuitui
GUGU,聊天社交,com.zykj.gugu
集加,聊天社交,com.okjijia.app
箩筐,聊天社交,com.cmmobi.railwifi
脸疼,聊天社交,com.stonecutter.faceteng
小红书,聊天社交,com.xingin.xhs
蜂利器,聊天社交,com.blibee.sharp.android
皮皮鸭,聊天社交,com.suhua.ppegg
欢遇,聊天社交,com.demeter.eggplant
论否,聊天社交,tech.nani.www.nani
海投排行,聊天社交,com.rabbit.waihui
全民吃瓜,聊天社交,com.dianyou.app.market.dyclient
幸识,聊天社交,com.cijianlink.cjlk
侃侃,聊天社交,com.zone.ormosia
全民集卡,聊天社交,cn.quanminjika
恋爱脱单话术,聊天社交,com.szyzkj.lianailianmeng
未来社交,聊天社交,com.revome.app
章鱼部落,聊天社交,com.zhangyutv.sns
云家园,聊天社交,com.licheng.cloud
信聊,聊天社交,com.dym.xuliao
贴吧一键签到大师,聊天社交,com.baidutieba.davy
囍上媒捎,聊天社交,com.example.marry
族记,聊天社交,com.zujifamily
达州微帮,聊天社交,net.dazhouweibang
伊对,聊天社交,me.yidui
密码酷,聊天社交,net.ask123.mima96
金融库,聊天社交,com.jinrongcool.app
SUGAR苏格,聊天社交,club.sugar5.app
来信,聊天社交,com.laixin.app
牵媒视频相亲交友,聊天社交,com.hm.blinddate
推推,聊天社交,com.hainan.tuitui
GUGU,聊天社交,com.zykj.gugu
集加,聊天社交,com.okjijia.app
箩筐,聊天社交,com.cmmobi.railwifi
脸疼,聊天社交,com.stonecutter.faceteng
小红书,聊天社交,com.xingin.xhs
蜂利器,聊天社交,com.blibee.sharp.android
皮皮鸭,聊天社交,com.suhua.ppegg
欢遇,聊天社交,com.demeter.eggplant
论否,聊天社交,tech.nani.www.nani
海投排行,聊天社交,com.rabbit.waihui
全民吃瓜,聊天社交,com.dianyou.app.market.dyclient
幸识,聊天社交,com.cijianlink.cjlk
侃侃,聊天社交,com.zone.ormosia
全民集卡,聊天社交,cn.quanminjika
恋爱脱单话术,聊天社交,com.szyzkj.lianailianmeng
未来社交,聊天社交,com.revome.app
章鱼部落,聊天社交,com.zhangyutv.sns
云家园,聊天社交,com.licheng.cloud
信聊,聊天社交,com.dym.xuliao
贴吧一键签到大师,聊天社交,com.baidutieba.davy
囍上媒捎,聊天社交,com.example.marry
族记,聊天社交,com.zujifamily
达州微帮,聊天社交,net.dazhouweibang
伊对,聊天社交,me.yidui
密码酷,聊天社交,net.ask123.mima96
金融库,聊天社交,com.jinrongcool.app
SUGAR苏格,聊天社交,club.sugar5.app
来信,聊天社交,com.laixin.app
牵媒视频相亲交友,聊天社交,com.hm.blinddate
推推,聊天社交,com.hainan.tuitui
GUGU,聊天社交,com.zykj.gugu
集加,聊天社交,com.okjijia.app
箩筐,聊天社交,com.cmmobi.railwifi
脸疼,聊天社交,com.stonecutter.faceteng
小红书,聊天社交,com.xingin.xhs
蜂利器,聊天社交,com.blibee.sharp.android
皮皮鸭,聊天社交,com.suhua.ppegg
欢遇,聊天社交,com.demeter.eggplant
论否,聊天社交,tech.nani.www.nani
海投排行,聊天社交,com.rabbit.waihui
全民吃瓜,聊天社交,com.dianyou.app.market.dyclient
幸识,聊天社交,com.cijianlink.cjlk
侃侃,聊天社交,com.zone.ormosia
全民集卡,聊天社交,cn.quanminjika
恋爱脱单话术,聊天社交,com.szyzkj.lianailianmeng
未来社交,聊天社交,com.revome.app
章鱼部落,聊天社交,com.zhangyutv.sns
云家园,聊天社交,com.licheng.cloud
信聊,聊天社交,com.dym.xuliao
贴吧一键签到大师,聊天社交,com.baidutieba.davy
囍上媒捎,聊天社交,com.example.marry
族记,聊天社交,com.zujifamily
达州微帮,聊天社交,net.dazhouweibang
伊对,聊天社交,me.yidui
密码酷,聊天社交,net.ask123.mima96
金融库,聊天社交,com.jinrongcool.app
SUGAR苏格,聊天社交,club.sugar5.app
来信,聊天社交,com.laixin.app
牵媒视频相亲交友,聊天社交,com.hm.blinddate
推推,聊天社交,com.hainan.tuitui
GUGU,聊天社交,com.zykj.gugu
集加,聊天社交,com.okjijia.app
箩筐,聊天社交,com.cmmobi.railwifi
脸疼,聊天社交,com.stonecutter.faceteng
小红书,聊天社交,com.xingin.xhs
蜂利器,聊天社交,com.blibee.sharp.android
皮皮鸭,聊天社交,com.suhua.ppegg
欢遇,聊天社交,com.demeter.eggplant
论否,聊天社交,tech.nani.www.nani
海投排行,聊天社交,com.rabbit.waihui
全民吃瓜,聊天社交,com.dianyou.app.market.dyclient
幸识,聊天社交,com.cijianlink.cjlk
侃侃,聊天社交,com.zone.ormosia
全民集卡,聊天社交,cn.quanminjika
恋爱脱单话术,聊天社交,com.szyzkj.lianailianmeng
未来社交,聊天社交,com.revome.app
章鱼部落,聊天社交,com.zhangyutv.sns
云家园,聊天社交,com.licheng.cloud
信聊,聊天社交,com.dym.xuliao
贴吧一键签到大师,聊天社交,com.baidutieba.davy
囍上媒捎,聊天社交,com.example.marry
族记,聊天社交,com.zujifamily
达州微帮,聊天社交,net.dazhouweibang
伊对,聊天社交,me.yidui
密码酷,聊天社交,net.ask123.mima96
金融库,聊天社交,com.jinrongcool.app
SUGAR苏格,聊天社交,club.sugar5.app
来信,聊天社交,com.laixin.app
牵媒视频相亲交友,聊天社交,com.hm.blinddate
推推,聊天社交,com.hainan.tuitui
GUGU,聊天社交,com.zykj.gugu
集加,聊天社交,com.okjijia.app
箩筐,聊天社交,com.cmmobi.railwifi
脸疼,聊天社交,com.stonecutter.faceteng
小红书,聊天社交,com.xingin.xhs
蜂利器,聊天社交,com.blibee.sharp.android
皮皮鸭,聊天社交,com.suhua.ppegg
欢遇,聊天社交,com.demeter.eggplant
论否,聊天社交,tech.nani.www.nani
海投排行,聊天社交,com.rabbit.waihui
全民吃瓜,聊天社交,com.dianyou.app.market.dyclient
幸识,聊天社交,com.cijianlink.cjlk
侃侃,聊天社交,com.zone.ormosia
全民集卡,聊天社交,cn.quanminjika
恋爱脱单话术,聊天社交,com.szyzkj.lianailianmeng
未来社交,聊天社交,com.revome.app
章鱼部落,聊天社交,com.zhangyutv.sns
云家园,聊天社交,com.licheng.cloud
信聊,聊天社交,com.dym.xuliao
贴吧一键签到大师,聊天社交,com.baidutieba.davy
囍上媒捎,聊天社交,com.example.marry
族记,聊天社交,com.zujifamily
达州微帮,聊天社交,net.dazhouweibang
伊对,聊天社交,me.yidui
密码酷,聊天社交,net.ask123.mima96
金融库,聊天社交,com.jinrongcool.app
SUGAR苏格,聊天社交,club.sugar5.app
来信,聊天社交,com.laixin.app
牵媒视频相亲交友,聊天社交,com.hm.blinddate
推推,聊天社交,com.hainan.tuitui
GUGU,聊天社交,com.zykj.gugu
集加,聊天社交,com.okjijia.app
箩筐,聊天社交,com.cmmobi.railwifi
脸疼,聊天社交,com.stonecutter.faceteng
小红书,聊天社交,com.xingin.xhs
蜂利器,聊天社交,com.blibee.sharp.android
皮皮鸭,聊天社交,com.suhua.ppegg
欢遇,聊天社交,com.demeter.eggplant
论否,聊天社交,tech.nani.www.nani
海投排行,聊天社交,com.rabbit.waihui
全民吃瓜,聊天社交,com.dianyou.app.market.dyclient
幸识,聊天社交,com.cijianlink.cjlk
侃侃,聊天社交,com.zone.ormosia
全民集卡,聊天社交,cn.quanminjika
恋爱脱单话术,聊天社交,com.szyzkj.lianailianmeng
未来社交,聊天社交,com.revome.app
章鱼部落,聊天社交,com.zhangyutv.sns
云家园,聊天社交,com.licheng.cloud
信聊,聊天社交,com.dym.xuliao
贴吧一键签到大师,聊天社交,com.baidutieba.davy
囍上媒捎,聊天社交,com.example.marry
族记,聊天社交,com.zujifamily
达州微帮,聊天社交,net.dazhouweibang
伊对,聊天社交,me.yidui
密码酷,聊天社交,net.ask123.mima96
金融库,聊天社交,com.jinrongcool.app
SUGAR苏格,聊天社交,club.sugar5.app
来信,聊天社交,com.laixin.app
牵媒视频相亲交友,聊天社交,com.hm.blinddate
推推,聊天社交,com.hainan.tuitui
GUGU,聊天社交,com.zykj.gugu
集加,聊天社交,com.okjijia.app
箩筐,聊天社交,com.cmmobi.railwifi
脸疼,聊天社交,com.stonecutter.faceteng
小红书,聊天社交,com.xingin.xhs
蜂利器,聊天社交,com.blibee.sharp.android
皮皮鸭,聊天社交,com.suhua.ppegg
欢遇,聊天社交,com.demeter.eggplant
论否,聊天社交,tech.nani.www.nani
海投排行,聊天社交,com.rabbit.waihui
全民吃瓜,聊天社交,com.dianyou.app.market.dyclient
幸识,聊天社交,com.cijianlink.cjlk
侃侃,聊天社交,com.zone.ormosia
全民集卡,聊天社交,cn.quanminjika
恋爱脱单话术,聊天社交,com.szyzkj.lianailianmeng
未来社交,聊天社交,com.revome.app
章鱼部落,聊天社交,com.zhangyutv.sns
云家园,聊天社交,com.licheng.cloud
信聊,聊天社交,com.dym.xuliao
贴吧一键签到大师,聊天社交,com.baidutieba.davy
囍上媒捎,聊天社交,com.example.marry
族记,聊天社交,com.zujifamily
达州微帮,聊天社交,net.dazhouweibang
伊对,聊天社交,me.yidui
密码酷,聊天社交,net.ask123.mima96
金融库,聊天社交,com.jinrongcool.app
SUGAR苏格,聊天社交,club.sugar5.app
来信,聊天社交,com.laixin.app
牵媒视频相亲交友,聊天社交,com.hm.blinddate
推推,聊天社交,com.hainan.tuitui
GUGU,聊天社交,com.zykj.gugu
集加,聊天社交,com.okjijia.app
箩筐,聊天社交,com.cmmobi.railwifi
脸疼,聊天社交,com.stonecutter.faceteng
小红书,聊天社交,com.xingin.xhs
蜂利器,聊天社交,com.blibee.sharp.android
皮皮鸭,聊天社交,com.suhua.ppegg
欢遇,聊天社交,com.demeter.eggplant
论否,聊天社交,tech.nani.www.nani
海投排行,聊天社交,com.rabbit.waihui
全民吃瓜,聊天社交,com.dianyou.app.market.dyclient
幸识,聊天社交,com.cijianlink.cjlk
侃侃,聊天社交,com.zone.ormosia
全民集卡,聊天社交,cn.quanminjika
恋爱脱单话术,聊天社交,com.szyzkj.lianailianmeng
未来社交,聊天社交,com.revome.app
章鱼部落,聊天社交,com.zhangyutv.sns
云家园,聊天社交,com.licheng.cloud
信聊,聊天社交,com.dym.xuliao
贴吧一键签到大师,聊天社交,com.baidutieba.davy
囍上媒捎,聊天社交,com.example.marry
族记,聊天社交,com.zujifamily
达州微帮,聊天社交,net.dazhouweibang
伊对,聊天社交,me.yidui
密码酷,聊天社交,net.ask123.mima96
金融库,聊天社交,com.jinrongcool.app
SUGAR苏格,聊天社交,club.sugar5.app
来信,聊天社交,com.laixin.app
牵媒视频相亲交友,聊天社交,com.hm.blinddate
推推,聊天社交,com.hainan.tuitui
GUGU,聊天社交,com.zykj.gugu
集加,聊天社交,com.okjijia.app
箩筐,聊天社交,com.cmmobi.railwifi
脸疼,聊天社交,com.stonecutter.faceteng
小红书,聊天社交,com.xingin.xhs
蜂利器,聊天社交,com.blibee.sharp.android
皮皮鸭,聊天社交,com.suhua.ppegg
欢遇,聊天社交,com.demeter.eggplant
论否,聊天社交,tech.nani.www.nani
海投排行,聊天社交,com.rabbit.waihui
全民吃瓜,聊天社交,com.dianyou.app.market.dyclient
幸识,聊天社交,com.cijianlink.cjlk
侃侃,聊天社交,com.zone.ormosia
全民集卡,聊天社交,cn.quanminjika
恋爱脱单话术,聊天社交,com.szyzkj.lianailianmeng
未来社交,聊天社交,com.revome.app
章鱼部落,聊天社交,com.zhangyutv.sns
云家园,聊天社交,com.licheng.cloud
信聊,聊天社交,com.dym.xuliao
贴吧一键签到大师,聊天社交,com.baidutieba.davy
囍上媒捎,聊天社交,com.example.marry
族记,聊天社交,com.zujifamily
达州微帮,聊天社交,net.dazhouweibang
伊对,聊天社交,me.yidui
密码酷,聊天社交,net.ask123.mima96
金融库,聊天社交,com.jinrongcool.app
SUGAR苏格,聊天社交,club.sugar5.app
来信,聊天社交,com.laixin.app
牵媒视频相亲交友,聊天社交,com.hm.blinddate
推推,聊天社交,com.hainan.tuitui
GUGU,聊天社交,com.zykj.gugu
集加,聊天社交,com.okjijia.app
箩筐,聊天社交,com.cmmobi.railwifi
脸疼,聊天社交,com.stonecutter.faceteng
小红书,聊天社交,com.xingin.xhs
蜂利器,聊天社交,com.blibee.sharp.android
皮皮鸭,聊天社交,com.suhua.ppegg
欢遇,聊天社交,com.demeter.eggplant
论否,聊天社交,tech.nani.www.nani
海投排行,聊天社交,com.rabbit.waihui
全民吃瓜,聊天社交,com.dianyou.app.market.dyclient
幸识,聊天社交,com.cijianlink.cjlk
侃侃,聊天社交,com.zone.ormosia
全民集卡,聊天社交,cn.quanminjika
恋爱脱单话术,聊天社交,com.szyzkj.lianailianmeng
未来社交,聊天社交,com.revome.app
章鱼部落,聊天社交,com.zhangyutv.sns
云家园,聊天社交,com.licheng.cloud
信聊,聊天社交,com.dym.xuliao
贴吧一键签到大师,聊天社交,com.baidutieba.davy
囍上媒捎,聊天社交,com.example.marry
族记,聊天社交,com.zujifamily
达州微帮,聊天社交,net.dazhouweibang
伊对,聊天社交,me.yidui
密码酷,聊天社交,net.ask123.mima96
金融库,聊天社交,com.jinrongcool.app
SUGAR苏格,聊天社交,club.sugar5.app
来信,聊天社交,com.laixin.app
牵媒视频相亲交友,聊天社交,com.hm.blinddate
推推,聊天社交,com.hainan.tuitui
GUGU,聊天社交,com.zykj.gugu
集加,聊天社交,com.okjijia.app
箩筐,聊天社交,com.cmmobi.railwifi
脸疼,聊天社交,com.stonecutter.faceteng
小红书,聊天社交,com.xingin.xhs
蜂利器,聊天社交,com.blibee.sharp.android
皮皮鸭,聊天社交,com.suhua.ppegg
欢遇,聊天社交,com.demeter.eggplant
论否,聊天社交,tech.nani.www.nani
海投排行,聊天社交,com.rabbit.waihui
全民吃瓜,聊天社交,com.dianyou.app.market.dyclient
幸识,聊天社交,com.cijianlink.cjlk
侃侃,聊天社交,com.zone.ormosia
全民集卡,聊天社交,cn.quanminjika
恋爱脱单话术,聊天社交,com.szyzkj.lianailianmeng
未来社交,聊天社交,com.revome.app
章鱼部落,聊天社交,com.zhangyutv.sns
云家园,聊天社交,com.licheng.cloud
信聊,聊天社交,com.dym.xuliao
贴吧一键签到大师,聊天社交,com.baidutieba.davy
囍上媒捎,聊天社交,com.example.marry
族记,聊天社交,com.zujifamily
达州微帮,聊天社交,net.dazhouweibang
伊对,聊天社交,me.yidui
密码酷,聊天社交,net.ask123.mima96
金融库,聊天社交,com.jinrongcool.app
SUGAR苏格,聊天社交,club.sugar5.app
来信,聊天社交,com.laixin.app
牵媒视频相亲交友,聊天社交,com.hm.blinddate
推推,聊天社交,com.hainan.tuitui
GUGU,聊天社交,com.zykj.gugu
集加,聊天社交,com.okjijia.app
箩筐,聊天社交,com.cmmobi.railwifi
脸疼,聊天社交,com.stonecutter.faceteng
小红书,聊天社交,com.xingin.xhs
蜂利器,聊天社交,com.blibee.sharp.android
皮皮鸭,聊天社交,com.suhua.ppegg
欢遇,聊天社交,com.demeter.eggplant
论否,聊天社交,tech.nani.www.nani
海投排行,聊天社交,com.rabbit.waihui
全民吃瓜,聊天社交,com.dianyou.app.market.dyclient
幸识,聊天社交,com.cijianlink.cjlk
侃侃,聊天社交,com.zone.ormosia
全民集卡,聊天社交,cn.quanminjika
恋爱脱单话术,聊天社交,com.szyzkj.lianailianmeng
未来社交,聊天社交,com.revome.app
章鱼部落,聊天社交,com.zhangyutv.sns
云家园,聊天社交,com.licheng.cloud
信聊,聊天社交,com.dym.xuliao
贴吧一键签到大师,聊天社交,com.baidutieba.davy
囍上媒捎,聊天社交,com.example.marry
族记,聊天社交,com.zujifamily
达州微帮,聊天社交,net.dazhouweibang
伊对,聊天社交,me.yidui
密码酷,聊天社交,net.ask123.mima96
金融库,聊天社交,com.jinrongcool.app
SUGAR苏格,聊天社交,club.sugar5.app
来信,聊天社交,com.laixin.app
牵媒视频相亲交友,聊天社交,com.hm.blinddate
推推,聊天社交,com.hainan.tuitui
GUGU,聊天社交,com.zykj.gugu
集加,聊天社交,com.okjijia.app
箩筐,聊天社交,com.cmmobi.railwifi
脸疼,聊天社交,com.stonecutter.faceteng
小红书,聊天社交,com.xingin.xhs
蜂利器,聊天社交,com.blibee.sharp.android
皮皮鸭,聊天社交,com.suhua.ppegg
欢遇,聊天社交,com.demeter.eggplant
论否,聊天社交,tech.nani.www.nani
海投排行,聊天社交,com.rabbit.waihui
全民吃瓜,聊天社交,com.dianyou.app.market.dyclient
幸识,聊天社交,com.cijianlink.cjlk
侃侃,聊天社交,com.zone.ormosia
全民集卡,聊天社交,cn.quanminjika
恋爱脱单话术,聊天社交,com.szyzkj.lianailianmeng
未来社交,聊天社交,com.revome.app
章鱼部落,聊天社交,com.zhangyutv.sns
云家园,聊天社交,com.licheng.cloud
信聊,聊天社交,com.dym.xuliao
贴吧一键签到大师,聊天社交,com.baidutieba.davy
囍上媒捎,聊天社交,com.example.marry
族记,聊天社交,com.zujifamily
达州微帮,聊天社交,net.dazhouweibang
伊对,聊天社交,me.yidui
密码酷,聊天社交,net.ask123.mima96
金融库,聊天社交,com.jinrongcool.app
SUGAR苏格,聊天社交,club.sugar5.app
来信,聊天社交,com.laixin.app
牵媒视频相亲交友,聊天社交,com.hm.blinddate
推推,聊天社交,com.hainan.tuitui
GUGU,聊天社交,com.zykj.gugu
集加,聊天社交,com.okjijia.app
箩筐,聊天社交,com.cmmobi.railwifi
脸疼,聊天社交,com.stonecutter.faceteng
小红书,聊天社交,com.xingin.xhs
蜂利器,聊天社交,com.blibee.sharp.android
皮皮鸭,聊天社交,com.suhua.ppegg
欢遇,聊天社交,com.demeter.eggplant
论否,聊天社交,tech.nani.www.nani
海投排行,聊天社交,com.rabbit.waihui
全民吃瓜,聊天社交,com.dianyou.app.market.dyclient
幸识,聊天社交,com.cijianlink.cjlk
侃侃,聊天社交,com.zone.ormosia
全民集卡,聊天社交,cn.quanminjika
恋爱脱单话术,聊天社交,com.szyzkj.lianailianmeng
未来社交,聊天社交,com.revome.app
章鱼部落,聊天社交,com.zhangyutv.sns
云家园,聊天社交,com.licheng.cloud
信聊,聊天社交,com.dym.xuliao
贴吧一键签到大师,聊天社交,com.baidutieba.davy
囍上媒捎,聊天社交,com.example.marry
族记,聊天社交,com.zujifamily
达州微帮,聊天社交,net.dazhouweibang
伊对,聊天社交,me.yidui
密码酷,聊天社交,net.ask123.mima96
金融库,聊天社交,com.jinrongcool.app
SUGAR苏格,聊天社交,club.sugar5.app
来信,聊天社交,com.laixin.app
牵媒视频相亲交友,聊天社交,com.hm.blinddate
推推,聊天社交,com.hainan.tuitui
GUGU,聊天社交,com.zykj.gugu
集加,聊天社交,com.okjijia.app
箩筐,聊天社交,com.cmmobi.railwifi
脸疼,聊天社交,com.stonecutter.faceteng
小红书,聊天社交,com.xingin.xhs
蜂利器,聊天社交,com.blibee.sharp.android
皮皮鸭,聊天社交,com.suhua.ppegg
欢遇,聊天社交,com.demeter.eggplant
论否,聊天社交,tech.nani.www.nani
海投排行,聊天社交,com.rabbit.waihui
全民吃瓜,聊天社交,com.dianyou.app.market.dyclient
幸识,聊天社交,com.cijianlink.cjlk
侃侃,聊天社交,com.zone.ormosia
全民集卡,聊天社交,cn.quanminjika
恋爱脱单话术,聊天社交,com.szyzkj.lianailianmeng
未来社交,聊天社交,com.revome.app
章鱼部落,聊天社交,com.zhangyutv.sns
云家园,聊天社交,com.licheng.cloud
信聊,聊天社交,com.dym.xuliao
贴吧一键签到大师,聊天社交,com.baidutieba.davy
囍上媒捎,聊天社交,com.example.marry
族记,聊天社交,com.zujifamily
达州微帮,聊天社交,net.dazhouweibang
伊对,聊天社交,me.yidui
密码酷,聊天社交,net.ask123.mima96
金融库,聊天社交,com.jinrongcool.app
SUGAR苏格,聊天社交,club.sugar5.app
来信,聊天社交,com.laixin.app
牵媒视频相亲交友,聊天社交,com.hm.blinddate
推推,聊天社交,com.hainan.tuitui
GUGU,聊天社交,com.zykj.gugu
集加,聊天社交,com.okjijia.app
箩筐,聊天社交,com.cmmobi.railwifi
脸疼,聊天社交,com.stonecutter.faceteng
小红书,聊天社交,com.xingin.xhs
蜂利器,聊天社交,com.blibee.sharp.android
皮皮鸭,聊天社交,com.suhua.ppegg
欢遇,聊天社交,com.demeter.eggplant
论否,聊天社交,tech.nani.www.nani
海投排行,聊天社交,com.rabbit.waihui
全民吃瓜,聊天社交,com.dianyou.app.market.dyclient
幸识,聊天社交,com.cijianlink.cjlk
侃侃,聊天社交,com.zone.ormosia
全民集卡,聊天社交,cn.quanminjika
恋爱脱单话术,聊天社交,com.szyzkj.lianailianmeng
未来社交,聊天社交,com.revome.app
章鱼部落,聊天社交,com.zhangyutv.sns
云家园,聊天社交,com.licheng.cloud
信聊,聊天社交,com.dym.xuliao
贴吧一键签到大师,聊天社交,com.baidutieba.davy
囍上媒捎,聊天社交,com.example.marry
族记,聊天社交,com.zujifamily
达州微帮,聊天社交,net.dazhouweibang
伊对,聊天社交,me.yidui
密码酷,聊天社交,net.ask123.mima96
金融库,聊天社交,com.jinrongcool.app
SUGAR苏格,聊天社交,club.sugar5.app
来信,聊天社交,com.laixin.app
牵媒视频相亲交友,聊天社交,com.hm.blinddate
推推,聊天社交,com.hainan.tuitui
GUGU,聊天社交,com.zykj.gugu
集加,聊天社交,com.okjijia.app
箩筐,聊天社交,com.cmmobi.railwifi
脸疼,聊天社交,com.stonecutter.faceteng
小红书,聊天社交,com.xingin.xhs
蜂利器,聊天社交,com.blibee.sharp.android
皮皮鸭,聊天社交,com.suhua.ppegg
欢遇,聊天社交,com.demeter.eggplant
论否,聊天社交,tech.nani.www.nani
海投排行,聊天社交,com.rabbit.waihui
全民吃瓜,聊天社交,com.dianyou.app.market.dyclient
幸识,聊天社交,com.cijianlink.cjlk
侃侃,聊天社交,com.zone.ormosia
全民集卡,聊天社交,cn.quanminjika
恋爱脱单话术,聊天社交,com.szyzkj.lianailianmeng
未来社交,聊天社交,com.revome.app
章鱼部落,聊天社交,com.zhangyutv.sns
云家园,聊天社交,com.licheng.cloud
信聊,聊天社交,com.dym.xuliao
贴吧一键签到大师,聊天社交,com.baidutieba.davy
囍上媒捎,聊天社交,com.example.marry
族记,聊天社交,com.zujifamily
达州微帮,聊天社交,net.dazhouweibang
伊对,聊天社交,me.yidui
密码酷,聊天社交,net.ask123.mima96
金融库,聊天社交,com.jinrongcool.app
SUGAR苏格,聊天社交,club.sugar5.app
来信,聊天社交,com.laixin.app
牵媒视频相亲交友,聊天社交,com.hm.blinddate
推推,聊天社交,com.hainan.tuitui
GUGU,聊天社交,com.zykj.gugu
集加,聊天社交,com.okjijia.app
箩筐,聊天社交,com.cmmobi.railwifi
脸疼,聊天社交,com.stonecutter.faceteng
小红书,聊天社交,com.xingin.xhs
蜂利器,聊天社交,com.blibee.sharp.android
皮皮鸭,聊天社交,com.suhua.ppegg
欢遇,聊天社交,com.demeter.eggplant
论否,聊天社交,tech.nani.www.nani
海投排行,聊天社交,com.rabbit.waihui
全民吃瓜,聊天社交,com.dianyou.app.market.dyclient
幸识,聊天社交,com.cijianlink.cjlk
侃侃,聊天社交,com.zone.ormosia
全民集卡,聊天社交,cn.quanminjika
恋爱脱单话术,聊天社交,com.szyzkj.lianailianmeng
未来社交,聊天社交,com.revome.app
章鱼部落,聊天社交,com.zhangyutv.sns
云家园,聊天社交,com.licheng.cloud
信聊,聊天社交,com.dym.xuliao
贴吧一键签到大师,聊天社交,com.baidutieba.davy
囍上媒捎,聊天社交,com.example.marry
族记,聊天社交,com.zujifamily
达州微帮,聊天社交,net.dazhouweibang
伊对,聊天社交,me.yidui
密码酷,聊天社交,net.ask123.mima96
金融库,聊天社交,com.jinrongcool.app
SUGAR苏格,聊天社交,club.sugar5.app
来信,聊天社交,com.laixin.app
牵媒视频相亲交友,聊天社交,com.hm.blinddate
推推,聊天社交,com.hainan.tuitui
GUGU,聊天社交,com.zykj.gugu
集加,聊天社交,com.okjijia.app
箩筐,聊天社交,com.cmmobi.railwifi
脸疼,聊天社交,com.stonecutter.faceteng
小红书,聊天社交,com.xingin.xhs
蜂利器,聊天社交,com.blibee.sharp.android
皮皮鸭,聊天社交,com.suhua.ppegg
欢遇,聊天社交,com.demeter.eggplant
论否,聊天社交,tech.nani.www.nani
海投排行,聊天社交,com.rabbit.waihui
全民吃瓜,聊天社交,com.dianyou.app.market.dyclient
幸识,聊天社交,com.cijianlink.cjlk
侃侃,聊天社交,com.zone.ormosia
全民集卡,聊天社交,cn.quanminjika
恋爱脱单话术,聊天社交,com.szyzkj.lianailianmeng
未来社交,聊天社交,com.revome.app
章鱼部落,聊天社交,com.zhangyutv.sns
云家园,聊天社交,com.licheng.cloud
信聊,聊天社交,com.dym.xuliao
贴吧一键签到大师,聊天社交,com.baidutieba.davy
囍上媒捎,聊天社交,com.example.marry
族记,聊天社交,com.zujifamily
达州微帮,聊天社交,net.dazhouweibang
伊对,聊天社交,me.yidui
密码酷,聊天社交,net.ask123.mima96
金融库,聊天社交,com.jinrongcool.app
SUGAR苏格,聊天社交,club.sugar5.app
来信,聊天社交,com.laixin.app
牵媒视频相亲交友,聊天社交,com.hm.blinddate
推推,聊天社交,com.hainan.tuitui
GUGU,聊天社交,com.zykj.gugu
集加,聊天社交,com.okjijia.app
箩筐,聊天社交,com.cmmobi.railwifi
脸疼,聊天社交,com.stonecutter.faceteng
小红书,聊天社交,com.xingin.xhs
蜂利器,聊天社交,com.blibee.sharp.android
皮皮鸭,聊天社交,com.suhua.ppegg
欢遇,聊天社交,com.demeter.eggplant
论否,聊天社交,tech.nani.www.nani
海投排行,聊天社交,com.rabbit.waihui
全民吃瓜,聊天社交,com.dianyou.app.market.dyclient
幸识,聊天社交,com.cijianlink.cjlk
侃侃,聊天社交,com.zone.ormosia
全民集卡,聊天社交,cn.quanminjika
恋爱脱单话术,聊天社交,com.szyzkj.lianailianmeng
未来社交,聊天社交,com.revome.app
章鱼部落,聊天社交,com.zhangyutv.sns
云家园,聊天社交,com.licheng.cloud
信聊,聊天社交,com.dym.xuliao
贴吧一键签到大师,聊天社交,com.baidutieba.davy
囍上媒捎,聊天社交,com.example.marry
族记,聊天社交,com.zujifamily
达州微帮,聊天社交,net.dazhouweibang
伊对,聊天社交,me.yidui
密码酷,聊天社交,net.ask123.mima96
金融库,聊天社交,com.jinrongcool.app
SUGAR苏格,聊天社交,club.sugar5.app
来信,聊天社交,com.laixin.app
牵媒视频相亲交友,聊天社交,com.hm.blinddate
推推,聊天社交,com.hainan.tuitui
GUGU,聊天社交,com.zykj.gugu
集加,聊天社交,com.okjijia.app
箩筐,聊天社交,com.cmmobi.railwifi
脸疼,聊天社交,com.stonecutter.faceteng
小红书,聊天社交,com.xingin.xhs
蜂利器,聊天社交,com.blibee.sharp.android
皮皮鸭,聊天社交,com.suhua.ppegg
欢遇,聊天社交,com.demeter.eggplant
论否,聊天社交,tech.nani.www.nani
海投排行,聊天社交,com.rabbit.waihui
全民吃瓜,聊天社交,com.dianyou.app.market.dyclient
幸识,聊天社交,com.cijianlink.cjlk
侃侃,聊天社交,com.zone.ormosia
全民集卡,聊天社交,cn.quanminjika
恋爱脱单话术,聊天社交,com.szyzkj.lianailianmeng
未来社交,聊天社交,com.revome.app
章鱼部落,聊天社交,com.zhangyutv.sns
云家园,聊天社交,com.licheng.cloud
信聊,聊天社交,com.dym.xuliao
贴吧一键签到大师,聊天社交,com.baidutieba.davy
囍上媒捎,聊天社交,com.example.marry
族记,聊天社交,com.zujifamily
达州微帮,聊天社交,net.dazhouweibang
伊对,聊天社交,me.yidui
密码酷,聊天社交,net.ask123.mima96
金融库,聊天社交,com.jinrongcool.app
SUGAR苏格,聊天社交,club.sugar5.app
来信,聊天社交,com.laixin.app
牵媒视频相亲交友,聊天社交,com.hm.blinddate
推推,聊天社交,com.hainan.tuitui
GUGU,聊天社交,com.zykj.gugu
集加,聊天社交,com.okjijia.app
箩筐,聊天社交,com.cmmobi.railwifi
脸疼,聊天社交,com.stonecutter.faceteng
小红书,聊天社交,com.xingin.xhs
蜂利器,聊天社交,com.blibee.sharp.android
皮皮鸭,聊天社交,com.suhua.ppegg
欢遇,聊天社交,com.demeter.eggplant
论否,聊天社交,tech.nani.www.nani
海投排行,聊天社交,com.rabbit.waihui
全民吃瓜,聊天社交,com.dianyou.app.market.dyclient
幸识,聊天社交,com.cijianlink.cjlk
侃侃,聊天社交,com.zone.ormosia
全民集卡,聊天社交,cn.quanminjika
恋爱脱单话术,聊天社交,com.szyzkj.lianailianmeng
未来社交,聊天社交,com.revome.app
章鱼部落,聊天社交,com.zhangyutv.sns
云家园,聊天社交,com.licheng.cloud
信聊,聊天社交,com.dym.xuliao
贴吧一键签到大师,聊天社交,com.baidutieba.davy
囍上媒捎,聊天社交,com.example.marry
族记,聊天社交,com.zujifamily
达州微帮,聊天社交,net.dazhouweibang
伊对,聊天社交,me.yidui
密码酷,聊天社交,net.ask123.mima96
金融库,聊天社交,com.jinrongcool.app
SUGAR苏格,聊天社交,club.sugar5.app
来信,聊天社交,com.laixin.app
牵媒视频相亲交友,聊天社交,com.hm.blinddate
推推,聊天社交,com.hainan.tuitui
GUGU,聊天社交,com.zykj.gugu
集加,聊天社交,com.okjijia.app
箩筐,聊天社交,com.cmmobi.railwifi
脸疼,聊天社交,com.stonecutter.faceteng
小红书,聊天社交,com.xingin.xhs
蜂利器,聊天社交,com.blibee.sharp.android
皮皮鸭,聊天社交,com.suhua.ppegg
欢遇,聊天社交,com.demeter.eggplant
论否,聊天社交,tech.nani.www.nani
海投排行,聊天社交,com.rabbit.waihui
全民吃瓜,聊天社交,com.dianyou.app.market.dyclient
幸识,聊天社交,com.cijianlink.cjlk
侃侃,聊天社交,com.zone.ormosia
全民集卡,聊天社交,cn.quanminjika
恋爱脱单话术,聊天社交,com.szyzkj.lianailianmeng
未来社交,聊天社交,com.revome.app
章鱼部落,聊天社交,com.zhangyutv.sns
云家园,聊天社交,com.licheng.cloud
信聊,聊天社交,com.dym.xuliao
贴吧一键签到大师,聊天社交,com.baidutieba.davy
囍上媒捎,聊天社交,com.example.marry
族记,聊天社交,com.zujifamily
达州微帮,聊天社交,net.dazhouweibang
伊对,聊天社交,me.yidui
密码酷,聊天社交,net.ask123.mima96
金融库,聊天社交,com.jinrongcool.app
SUGAR苏格,聊天社交,club.sugar5.app
来信,聊天社交,com.laixin.app
牵媒视频相亲交友,聊天社交,com.hm.blinddate
推推,聊天社交,com.hainan.tuitui
GUGU,聊天社交,com.zykj.gugu
集加,聊天社交,com.okjijia.app
箩筐,聊天社交,com.cmmobi.railwifi
脸疼,聊天社交,com.stonecutter.faceteng
小红书,聊天社交,com.xingin.xhs
蜂利器,聊天社交,com.blibee.sharp.android
皮皮鸭,聊天社交,com.suhua.ppegg
欢遇,聊天社交,com.demeter.eggplant
论否,聊天社交,tech.nani.www.nani
海投排行,聊天社交,com.rabbit.waihui
全民吃瓜,聊天社交,com.dianyou.app.market.dyclient
幸识,聊天社交,com.cijianlink.cjlk
侃侃,聊天社交,com.zone.ormosia
全民集卡,聊天社交,cn.quanminjika
恋爱脱单话术,聊天社交,com.szyzkj.lianailianmeng
未来社交,聊天社交,com.revome.app
章鱼部落,聊天社交,com.zhangyutv.sns
云家园,聊天社交,com.licheng.cloud
信聊,聊天社交,com.dym.xuliao
贴吧一键签到大师,聊天社交,com.baidutieba.davy
囍上媒捎,聊天社交,com.example.marry
族记,聊天社交,com.zujifamily
达州微帮,聊天社交,net.dazhouweibang
伊对,聊天社交,me.yidui
密码酷,聊天社交,net.ask123.mima96
金融库,聊天社交,com.jinrongcool.app
SUGAR苏格,聊天社交,club.sugar5.app
来信,聊天社交,com.laixin.app
牵媒视频相亲交友,聊天社交,com.hm.blinddate
推推,聊天社交,com.hainan.tuitui
GUGU,聊天社交,com.zykj.gugu
集加,聊天社交,com.okjijia.app
箩筐,聊天社交,com.cmmobi.railwifi
脸疼,聊天社交,com.stonecutter.faceteng
小红书,聊天社交,com.xingin.xhs
蜂利器,聊天社交,com.blibee.sharp.android
皮皮鸭,聊天社交,com.suhua.ppegg
欢遇,聊天社交,com.demeter.eggplant
论否,聊天社交,tech.nani.www.nani
海投排行,聊天社交,com.rabbit.waihui
全民吃瓜,聊天社交,com.dianyou.app.market.dyclient
幸识,聊天社交,com.cijianlink.cjlk
侃侃,聊天社交,com.zone.ormosia
全民集卡,聊天社交,cn.quanminjika
恋爱脱单话术,聊天社交,com.szyzkj.lianailianmeng
未来社交,聊天社交,com.revome.app
章鱼部落,聊天社交,com.zhangyutv.sns
云家园,聊天社交,com.licheng.cloud
信聊,聊天社交,com.dym.xuliao
贴吧一键签到大师,聊天社交,com.baidutieba.davy
囍上媒捎,聊天社交,com.example.marry
族记,聊天社交,com.zujifamily
达州微帮,聊天社交,net.dazhouweibang
伊对,聊天社交,me.yidui
密码酷,聊天社交,net.ask123.mima96
金融库,聊天社交,com.jinrongcool.app
SUGAR苏格,聊天社交,club.sugar5.app
来信,聊天社交,com.laixin.app
牵媒视频相亲交友,聊天社交,com.hm.blinddate
推推,聊天社交,com.hainan.tuitui
GUGU,聊天社交,com.zykj.gugu
集加,聊天社交,com.okjijia.app
箩筐,聊天社交,com.cmmobi.railwifi
脸疼,聊天社交,com.stonecutter.faceteng
小红书,聊天社交,com.xingin.xhs
蜂利器,聊天社交,com.blibee.sharp.android
皮皮鸭,聊天社交,com.suhua.ppegg
欢遇,聊天社交,com.demeter.eggplant
论否,聊天社交,tech.nani.www.nani
海投排行,聊天社交,com.rabbit.waihui
全民吃瓜,聊天社交,com.dianyou.app.market.dyclient
幸识,聊天社交,com.cijianlink.cjlk
侃侃,聊天社交,com.zone.ormosia
全民集卡,聊天社交,cn.quanminjika
恋爱脱单话术,聊天社交,com.szyzkj.lianailianmeng
未来社交,聊天社交,com.revome.app
章鱼部落,聊天社交,com.zhangyutv.sns
云家园,聊天社交,com.licheng.cloud
信聊,聊天社交,com.dym.xuliao
贴吧一键签到大师,聊天社交,com.baidutieba.davy
囍上媒捎,聊天社交,com.example.marry
族记,聊天社交,com.zujifamily
达州微帮,聊天社交,net.dazhouweibang
伊对,聊天社交,me.yidui
密码酷,聊天社交,net.ask123.mima96
金融库,聊天社交,com.jinrongcool.app
SUGAR苏格,聊天社交,club.sugar5.app
来信,聊天社交,com.laixin.app
牵媒视频相亲交友,聊天社交,com.hm.blinddate
推推,聊天社交,com.hainan.tuitui
GUGU,聊天社交,com.zykj.gugu
集加,聊天社交,com.okjijia.app
箩筐,聊天社交,com.cmmobi.railwifi
脸疼,聊天社交,com.stonecutter.faceteng
小红书,聊天社交,com.xingin.xhs
蜂利器,聊天社交,com.blibee.sharp.android
皮皮鸭,聊天社交,com.suhua.ppegg
欢遇,聊天社交,com.demeter.eggplant
论否,聊天社交,tech.nani.www.nani
海投排行,聊天社交,com.rabbit.waihui
全民吃瓜,聊天社交,com.dianyou.app.market.dyclient
幸识,聊天社交,com.cijianlink.cjlk
侃侃,聊天社交,com.zone.ormosia
全民集卡,聊天社交,cn.quanminjika
恋爱脱单话术,聊天社交,com.szyzkj.lianailianmeng
未来社交,聊天社交,com.revome.app
章鱼部落,聊天社交,com.zhangyutv.sns
云家园,聊天社交,com.licheng.cloud
信聊,聊天社交,com.dym.xuliao
贴吧一键签到大师,聊天社交,com.baidutieba.davy
囍上媒捎,聊天社交,com.example.marry
族记,聊天社交,com.zujifamily
达州微帮,聊天社交,net.dazhouweibang
伊对,聊天社交,me.yidui
密码酷,聊天社交,net.ask123.mima96
金融库,聊天社交,com.jinrongcool.app
SUGAR苏格,聊天社交,club.sugar5.app
来信,聊天社交,com.laixin.app
牵媒视频相亲交友,聊天社交,com.hm.blinddate
推推,聊天社交,com.hainan.tuitui
GUGU,聊天社交,com.zykj.gugu
集加,聊天社交,com.okjijia.app
箩筐,聊天社交,com.cmmobi.railwifi
脸疼,聊天社交,com.stonecutter.faceteng
小红书,聊天社交,com.xingin.xhs
蜂利器,聊天社交,com.blibee.sharp.android
皮皮鸭,聊天社交,com.suhua.ppegg
欢遇,聊天社交,com.demeter.eggplant
论否,聊天社交,tech.nani.www.nani
海投排行,聊天社交,com.rabbit.waihui
全民吃瓜,聊天社交,com.dianyou.app.market.dyclient
幸识,聊天社交,com.cijianlink.cjlk
侃侃,聊天社交,com.zone.ormosia
全民集卡,聊天社交,cn.quanminjika
恋爱脱单话术,聊天社交,com.szyzkj.lianailianmeng
未来社交,聊天社交,com.revome.app
章鱼部落,聊天社交,com.zhangyutv.sns
云家园,聊天社交,com.licheng.cloud
信聊,聊天社交,com.dym.xuliao
贴吧一键签到大师,聊天社交,com.baidutieba.davy
囍上媒捎,聊天社交,com.example.marry
族记,聊天社交,com.zujifamily
达州微帮,聊天社交,net.dazhouweibang
伊对,聊天社交,me.yidui
密码酷,聊天社交,net.ask123.mima96
金融库,聊天社交,com.jinrongcool.app
SUGAR苏格,聊天社交,club.sugar5.app
来信,聊天社交,com.laixin.app
牵媒视频相亲交友,聊天社交,com.hm.blinddate
推推,聊天社交,com.hainan.tuitui
GUGU,聊天社交,com.zykj.gugu
集加,聊天社交,com.okjijia.app
箩筐,聊天社交,com.cmmobi.railwifi
脸疼,聊天社交,com.stonecutter.faceteng
小红书,聊天社交,com.xingin.xhs
蜂利器,聊天社交,com.blibee.sharp.android
皮皮鸭,聊天社交,com.suhua.ppegg
欢遇,聊天社交,com.demeter.eggplant
论否,聊天社交,tech.nani.www.nani
海投排行,聊天社交,com.rabbit.waihui
全民吃瓜,聊天社交,com.dianyou.app.market.dyclient
幸识,聊天社交,com.cijianlink.cjlk
侃侃,聊天社交,com.zone.ormosia
全民集卡,聊天社交,cn.quanminjika
恋爱脱单话术,聊天社交,com.szyzkj.lianailianmeng
未来社交,聊天社交,com.revome.app
章鱼部落,聊天社交,com.zhangyutv.sns
云家园,聊天社交,com.licheng.cloud
信聊,聊天社交,com.dym.xuliao
贴吧一键签到大师,聊天社交,com.baidutieba.davy
囍上媒捎,聊天社交,com.example.marry
族记,聊天社交,com.zujifamily
达州微帮,聊天社交,net.dazhouweibang
伊对,聊天社交,me.yidui
密码酷,聊天社交,net.ask123.mima96
金融库,聊天社交,com.jinrongcool.app
SUGAR苏格,聊天社交,club.sugar5.app
来信,聊天社交,com.laixin.app
牵媒视频相亲交友,聊天社交,com.hm.blinddate
推推,聊天社交,com.hainan.tuitui
GUGU,聊天社交,com.zykj.gugu
集加,聊天社交,com.okjijia.app
箩筐,聊天社交,com.cmmobi.railwifi
脸疼,聊天社交,com.stonecutter.faceteng
小红书,聊天社交,com.xingin.xhs
蜂利器,聊天社交,com.blibee.sharp.android
皮皮鸭,聊天社交,com.suhua.ppegg
欢遇,聊天社交,com.demeter.eggplant
论否,聊天社交,tech.nani.www.nani
海投排行,聊天社交,com.rabbit.waihui
全民吃瓜,聊天社交,com.dianyou.app.market.dyclient
幸识,聊天社交,com.cijianlink.cjlk
侃侃,聊天社交,com.zone.ormosia
全民集卡,聊天社交,cn.quanminjika
恋爱脱单话术,聊天社交,com.szyzkj.lianailianmeng
未来社交,聊天社交,com.revome.app
章鱼部落,聊天社交,com.zhangyutv.sns
云家园,聊天社交,com.licheng.cloud
信聊,聊天社交,com.dym.xuliao
贴吧一键签到大师,聊天社交,com.baidutieba.davy
囍上媒捎,聊天社交,com.example.marry
族记,聊天社交,com.zujifamily
达州微帮,聊天社交,net.dazhouweibang
伊对,聊天社交,me.yidui
密码酷,聊天社交,net.ask123.mima96
金融库,聊天社交,com.jinrongcool.app
SUGAR苏格,聊天社交,club.sugar5.app
来信,聊天社交,com.laixin.app
牵媒视频相亲交友,聊天社交,com.hm.blinddate
推推,聊天社交,com.hainan.tuitui
GUGU,聊天社交,com.zykj.gugu
集加,聊天社交,com.okjijia.app
箩筐,聊天社交,com.cmmobi.railwifi
脸疼,聊天社交,com.stonecutter.faceteng
小红书,聊天社交,com.xingin.xhs
蜂利器,聊天社交,com.blibee.sharp.android
皮皮鸭,聊天社交,com.suhua.ppegg
欢遇,聊天社交,com.demeter.eggplant
论否,聊天社交,tech.nani.www.nani
海投排行,聊天社交,com.rabbit.waihui
全民吃瓜,聊天社交,com.dianyou.app.market.dyclient
幸识,聊天社交,com.cijianlink.cjlk
侃侃,聊天社交,com.zone.ormosia
全民集卡,聊天社交,cn.quanminjika
恋爱脱单话术,聊天社交,com.szyzkj.lianailianmeng
未来社交,聊天社交,com.revome.app
章鱼部落,聊天社交,com.zhangyutv.sns
云家园,聊天社交,com.licheng.cloud
信聊,聊天社交,com.dym.xuliao
贴吧一键签到大师,聊天社交,com.baidutieba.davy
囍上媒捎,聊天社交,com.example.marry
族记,聊天社交,com.zujifamily
达州微帮,聊天社交,net.dazhouweibang
伊对,聊天社交,me.yidui
密码酷,聊天社交,net.ask123.mima96
金融库,聊天社交,com.jinrongcool.app
SUGAR苏格,聊天社交,club.sugar5.app
来信,聊天社交,com.laixin.app
牵媒视频相亲交友,聊天社交,com.hm.blinddate
推推,聊天社交,com.hainan.tuitui
GUGU,聊天社交,com.zykj.gugu
集加,聊天社交,com.okjijia.app
箩筐,聊天社交,com.cmmobi.railwifi
脸疼,聊天社交,com.stonecutter.faceteng
小红书,聊天社交,com.xingin.xhs
蜂利器,聊天社交,com.blibee.sharp.android
皮皮鸭,聊天社交,com.suhua.ppegg
欢遇,聊天社交,com.demeter.eggplant
论否,聊天社交,tech.nani.www.nani
海投排行,聊天社交,com.rabbit.waihui
全民吃瓜,聊天社交,com.dianyou.app.market.dyclient
幸识,聊天社交,com.cijianlink.cjlk
侃侃,聊天社交,com.zone.ormosia
全民集卡,聊天社交,cn.quanminjika
恋爱脱单话术,聊天社交,com.szyzkj.lianailianmeng
未来社交,聊天社交,com.revome.app
章鱼部落,聊天社交,com.zhangyutv.sns
云家园,聊天社交,com.licheng.cloud
信聊,聊天社交,com.dym.xuliao
贴吧一键签到大师,聊天社交,com.baidutieba.davy
囍上媒捎,聊天社交,com.example.marry
族记,聊天社交,com.zujifamily
达州微帮,聊天社交,net.dazhouweibang
伊对,聊天社交,me.yidui
密码酷,聊天社交,net.ask123.mima96
金融库,聊天社交,com.jinrongcool.app
SUGAR苏格,聊天社交,club.sugar5.app
来信,聊天社交,com.laixin.app
牵媒视频相亲交友,聊天社交,com.hm.blinddate
推推,聊天社交,com.hainan.tuitui
GUGU,聊天社交,com.zykj.gugu
集加,聊天社交,com.okjijia.app
箩筐,聊天社交,com.cmmobi.railwifi
脸疼,聊天社交,com.stonecutter.faceteng
